Dist Code,Location,Name Of City,State Code,State Name,0-6 Population Female,0-6 Population Male,0-6 Population Total,Child Sex Ratio,Effective Literacy Rate Female,Effective Literacy Rate Male,Effective Literacy Rate Total,Female Graduates,Literate Ratio,Literates Female,Literates Male,Literates Total,Male Graduates,Population Female,Population Male,Population Ratio,Population Total,Sex Ratio,Total Graduates
9,30.14529287,Abohar,3,PUNJAB,7283,8587,15870,848,73.59,85.49,79.86,7675,1.297407276,44972,58347,103319,8612,68398,76840,1.123424662,145238,890,16287
7,21.25758477,Achalpur,27,MAHARASHTRA,5624,6186,11810,909,89,94.77,91.99,3594,1.145314023,43086,49347,92433,5269,54037,58256,1.078076133,112293,928,8863
1,19.08090758,Adilabad,28,ANDHRA PRADESH,6372,6731,13103,947,72.73,88.18,80.51,3768,1.22928837,37660,46295,83955,6797,58156,59232,1.01850196,117388,982,10565
24,22.78347419,Adityapur,20,JHARKHAND,10979,12063,23042,910,76.23,89.98,83.46,7036,1.311015317,54515,71470,125985,12189,82493,91495,1.109124411,173988,902,19225
21,15.63222278,Adoni,28,ANDHRA PRADESH,9051,9355,18406,968,60.33,76.58,68.38,4031,1.246490275,45089,56203,101292,7871,83794,82743,0.987457336,166537,1013,11902
1,23.83145791,Agartala,16,TRIPURA,16294,17341,33635,940,92.02,95.75,93.88,22496,1.032020768,169109,174524,343633,30215,200072,199616,0.997720821,399688,1002,52711
15,27.17667018,Agra,9,UTTAR PRADESH,81237,105279,186516,772,58.54,67.67,63.44,79731,1.33732829,376725,503805,880530,106082,724771,849771,1.172468269,1574542,853,185813
7,23.02250572,Ahmadabad,24,GUJARAT,271159,317917,589076,853,84.81,93.96,89.62,334591,1.227162656,2004480,2459823,4464303,435267,2634716,2935869,1.114301883,5570585,897,769858
26,19.09520757,Ahmadnagar,27,MAHARASHTRA,16964,19748,36712,859,87.33,95.51,91.49,21829,1.134943446,134649,152819,287468,29832,171150,179755,1.050277534,350905,952,51661
3,23.72710792,Aizawl,15,MIZORAM,17480,17667,35147,989,98.31,99.3,98.8,11932,0.97603092,128332,125256,253588,14900,148019,143803,0.97151717,291822,1029,26832
21,26.44989547,Ajmer,8,RAJASTHAN,27890,31547,59437,884,81.53,93.26,87.53,35535,1.198926828,192327,230586,422913,42454,263794,278786,1.056832225,542580,946,77989
47,26.44074688,Akbarpur,9,UTTAR PRADESH,6790,7247,14037,937,69.54,83.89,76.94,3934,1.28471419,32854,42208,75062,5811,54034,57560,1.06525521,111594,939,9745
5,20.70593458,Akola,27,MAHARASHTRA,22012,24488,46500,899,87.77,94.78,91.34,20903,1.118841145,164093,183594,347687,28812,208962,218184,1.044132426,427146,958,49715
3,12.99748738,Alandur,33,TAMIL NADU,7150,7336,14486,975,93.1,97.2,95.15,20508,1.044430089,69660,72755,142415,25463,81972,82190,1.002659445,164162,997,45971
11,9.498066776,Alappuzha,32,KERALA,7500,7934,15434,945,95.21,98.03,96.56,12363,0.944667893,78815,74454,153269,9900,90276,83888,0.929239222,174164,1076,22263
12,27.89739448,Aligarh,9,UTTAR PRADESH,53038,60620,113658,875,64.55,75.5,70.36,43376,1.320766854,230083,303886,533969,55965,409452,463123,1.131080078,872575,884,99341
44,25.43580118,Allahabad,9,UTTAR PRADESH,47896,54660,102556,876,82.17,90.21,86.5,94881,1.282959036,384409,493181,877590,138248,515731,601363,1.166040048,1117094,858,233129
6,27.55299078,Alwar,8,RAJASTHAN,15714,18862,34576,833,79.05,93.72,86.78,23467,1.322602172,104897,138737,243634,35297,148410,166900,1.124587292,315310,889,58764
2,30.37817888,Ambala,6,HARYANA,8932,10713,19645,834,84.51,91.58,88.23,17134,1.201028597,70776,85004,155780,17809,92683,103533,1.117065697,196216,895,34943
2,30.32487088,Ambala Sadar,6,HARYANA,4407,5239,9646,841,87.22,88.66,87.97,9929,1.091777242,39792,43444,83236,10689,50027,54241,1.084234513,104268,922,20618
21,19.18251677,Ambarnath,27,MAHARASHTRA,13059,14406,27465,906,83.78,93.82,89.04,12152,1.230433244,90434,111273,201707,14444,120997,133006,1.099250395,254003,910,26596
1,13.11431678,Ambattur,33,TAMIL NADU,22151,23065,45216,960,89.62,95.71,92.69,44962,1.084377029,192505,208748,401253,52224,236953,241181,1.017843201,478134,982,97186
2,23.13549218,Ambikapur,22,CHHATTISGARH,6108,6887,12995,887,83.29,92.73,88.2,8488,1.204478346,40640,48950,89590,12369,54902,59673,1.086900295,114575,920,20857
4,12.79036138,Ambur,33,TAMIL NADU,5934,6216,12150,955,82.65,91.18,86.83,2737,1.059925356,42870,45439,88309,5076,57804,56052,0.969690679,113856,1031,7813
7,20.93742388,Amravati,27,MAHARASHTRA,29784,32713,62497,910,90.44,95.52,93.03,40540,1.098086291,259078,284490,543568,51456,316257,330544,1.045175285,646801,957,91996
13,21.60317747,Amreli,24,GUJARAT,4499,5386,9885,835,84.75,93.85,89.47,4726,1.190222652,39254,46721,85975,6579,50814,55166,1.085645688,105980,921,11305
15,31.63397937,Amritsar,3,PUNJAB,49484,60056,109540,824,82.09,88.09,85.27,71118,1.211925012,394465,478062,872527,69241,530007,602754,1.137256678,1132761,879,140359
6,28.90435378,Amroha,9,UTTAR PRADESH,13056,13799,26855,946,59.24,68.11,63.88,6244,1.258976968,48151,60621,108772,7635,94331,102804,1.08982201,197135,918,13879
15,22.56451757,Anand,24,GUJARAT,9362,10631,19993,881,90.82,96.42,93.71,12472,1.137294739,77767,88444,166211,17331,94992,102359,1.077553899,197351,928,29803
22,14.68188778,Anantapur,28,ANDHRA PRADESH,11221,12409,23630,904,75.24,88.54,81.88,16308,1.171688889,90000,105452,195452,27392,130834,131506,1.00513628,262340,995,43700
14,33.73112558,Anantnag,1,JAMMU & KASHMIR,8423,9633,18056,874,72.23,85.33,78.95,5375,1.24433479,31817,39591,71408,7291,52475,56030,1.067746546,108505,937,12666
29,25.55604438,Arrah,10,BIHAR,16063,18356,34419,875,76.86,89.14,83.41,10309,1.32690935,81258,107822,189080,25045,121780,139319,1.144022007,261099,874,35354
9,23.67394529,Asansol,19,WEST BENGAL,26651,29363,56014,908,79.73,89.52,84.82,25394,1.216147613,194617,236683,431300,40231,270743,293748,1.084969879,564491,922,65625
11,22.8403988,Ashoknagar Kalyangarh,19,WEST BENGAL,4321,4564,8885,947,89.32,95.53,92.45,4899,1.087536073,50939,55398,106337,7093,61352,62554,1.019591863,123906,981,11992
33,24.74571898,Aurangabad,10,BIHAR,6744,7548,14292,893,80.68,92.52,86.89,3770,1.265407376,33458,42338,75796,9371,48213,53307,1.105656151,101520,904,13141
19,19.87616538,Aurangabad,27,MAHARASHTRA,70156,81671,151827,859,83.81,94.08,89.13,62732,1.209284233,411321,497404,908725,96576,560953,610377,1.088107203,1171330,919,159308
1,13.10674488,Avadi,33,TAMIL NADU,16409,17005,33414,965,84.94,92.2,88.63,23905,1.11968314,130152,145729,275881,27742,169646,175055,1.031884041,344701,969,51647
60,26.07370448,Azamgarh,9,UTTAR PRADESH,5839,6790,12629,860,81.56,90.91,86.43,8220,1.212540017,38421,46587,85008,11691,52947,58033,1.096058322,110980,912,19911
21,19.16678547,Badlapur,27,MAHARASHTRA,8098,9096,17194,890,88.94,95.53,92.38,11237,1.17165808,67349,78910,146259,13878,83821,91695,1.093938273,175516,914,25115
1,27.12219598,Bagaha,10,BIHAR,9268,9802,19070,946,50.79,69.3,60.67,988,1.562053311,22247,34751,56998,2756,53066,59946,1.12964987,113012,885,3744
2,16.17253558,Bagalkot,29,KARNATAKA,5923,6476,12399,915,79.58,92.58,86.15,5052,1.188240691,39237,46623,85860,9038,55231,56837,1.029077873,112068,972,14090
15,28.69244648,Bahadurgarh,6,HARYANA,8954,11420,20374,784,80.87,94.27,88.04,9496,1.342589637,56394,75714,132108,13025,78690,91736,1.165789808,170426,858,22521
7,24.09882659,Baharampur,19,WEST BENGAL,6487,6741,13228,962,88.09,92.36,90.29,12475,1.110704659,77910,86535,164445,19679,94932,100431,1.057925673,195363,945,32154
49,27.75252718,Bahraich,9,UTTAR PRADESH,10782,12046,22828,895,72.87,76.94,75.03,8953,1.187056263,56058,66544,122602,11537,87712,98529,1.123324061,186241,890,20490
12,22.79578388,Baidyabati,19,WEST BENGAL,3990,4164,8154,958,86.86,91.15,89.08,6913,1.123361408,47373,53217,100590,10311,58531,62550,1.068664468,121081,936,17224
8,21.48693379,Baleshwar Town,21,ORISSA,5430,5685,11115,955,85.22,92.22,88.79,9099,1.126587941,44712,50372,95084,14071,57894,60308,1.041696894,118202,960,23170
62,25.75843818,Ballia,9,UTTAR PRADESH,5018,5780,10798,868,81.51,91.07,86.62,5862,1.280868806,35497,45467,80964,10252,48565,55706,1.147040049,104271,872,16114
15,22.65005189,Bally,19,WEST BENGAL,17276,14583,31859,1185,82.56,84.07,83.39,13930,1.227057108,97394,119508,216902,22170,135238,156734,1.158949408,291972,863,36100
15,22.65005189,Bally City,19,WEST BENGAL,4705,4879,9584,964,86.43,93.58,90.14,4792,1.167750561,44131,51534,95665,7562,55764,59951,1.075084284,115715,930,12354
5,25.23728349,Balurghat,19,WEST BENGAL,4634,4757,9391,974,89.28,94.41,91.85,9194,1.058126304,63276,66954,130230,14538,75506,75677,1.002264721,151183,998,23732
39,25.47962248,Banda,9,UTTAR PRADESH,8346,9351,17697,893,76.75,89.03,83.3,8800,1.324276324,48986,64871,113857,15215,72173,82215,1.139137905,154388,878,24015
13,23.23241469,Bankura,19,WEST BENGAL,5258,5502,10760,956,81.88,92.4,87.27,6761,1.186433338,50801,60272,111073,12321,67302,70734,1.050994027,138036,951,19082
12,22.95190488,Bansberia,19,WEST BENGAL,4203,4518,8721,930,80.46,90.63,85.73,3302,1.212469126,36843,44671,81514,5264,49992,53807,1.07631221,103799,929,8566
27,23.54613947,Banswara,8,RAJASTHAN,5642,6602,12244,855,81.01,92.76,86.98,6015,1.181823372,35034,41404,76438,7837,48888,51240,1.048109966,100128,954,13852
30,25.10114388,Baran,8,RAJASTHAN,7003,7842,14845,893,71.64,90.08,81.19,4191,1.351527895,35670,48209,83879,7362,56797,61360,1.08033875,118157,926,11553
11,22.63830169,Baranagar,19,WEST BENGAL,7304,7712,15016,947,90.04,94.72,92.46,21437,1.126549231,101502,114347,215849,28274,120034,128432,1.06996351,248466,935,49711
11,22.72281599,Barasat,19,WEST BENGAL,10536,10932,21468,964,87.62,93.14,90.42,18373,1.092791702,113189,123692,236881,27143,139711,143732,1.02878084,283443,972,45516
8,29.09989028,Baraut,9,UTTAR PRADESH,6149,7387,13536,832,70.51,84.65,77.98,5481,1.34529148,29659,39900,69559,7191,48212,54521,1.130859537,102733,884,12672
9,23.23242149,Barddhaman,19,WEST BENGAL,10710,11394,22104,940,85.48,92.52,89.07,20062,1.127105154,122497,138067,260564,32325,154007,160631,1.043011032,314638,959,52387
19,28.36703558,Bareilly,9,UTTAR PRADESH,44691,50224,94915,890,65.75,74.06,70.17,49626,1.279698585,247234,316385,563619,61065,420729,477438,1.134787476,898167,881,110691
7,21.93223389,Baripada Town,21,ORISSA,4705,5228,9933,900,84.88,93.45,89.31,6636,1.179245973,41033,48388,89421,10953,53050,57008,1.07460886,110058,931,17589
20,30.38194468,Barnala,3,PUNJAB,5888,7096,12984,830,75.1,83.51,79.59,6452,1.271829393,36247,46100,82347,6213,54152,62302,1.15050229,116454,869,12665
11,22.76742789,Barrackpur,19,WEST BENGAL,5118,5553,10671,922,86.33,92.16,89.33,12396,1.130331675,60300,68159,128459,17514,74968,79507,1.060545833,154475,943,29910
30,18.23338568,Barshi,27,MAHARASHTRA,5969,7060,13029,845,79.8,92.88,86.47,4787,1.209952779,41295,49965,91260,8564,57716,60857,1.054421651,118573,948,13351
11,22.65740179,Basirhat,19,WEST BENGAL,5215,5504,10719,947,84.88,91.54,88.25,7954,1.104231525,48824,53913,102737,12083,62738,64397,1.026443304,127135,974,20037
54,26.81767968,Basti,9,UTTAR PRADESH,6027,6541,12568,921,79.57,90.46,85.29,8112,1.256037521,38592,48473,87065,12071,54525,60126,1.102723521,114651,907,20183
1,31.81832388,Batala,3,PUNJAB,6670,8028,14698,831,81.81,88.81,85.49,8316,1.201028399,55037,66101,121138,8120,73941,82459,1.115199957,156400,897,16436
12,30.21099474,Bathinda,3,PUNJAB,14241,16472,30713,865,77.16,87.86,82.84,20957,1.286249053,92430,118888,211318,22471,134031,151782,1.13243951,285813,883,43428
21,26.10073377,Beawar,8,RAJASTHAN,8290,9419,17709,880,78.12,93.44,85.96,5510,1.252587865,48882,61229,110111,8257,70863,74946,1.057618221,145809,946,13767
20,25.41667586,Begusarai,10,BIHAR,17954,20012,37966,897,73.25,84.67,79.35,8124,1.326772303,72702,96459,169161,16492,117205,133931,1.142707222,251136,875,24616
1,15.84969537,Belgaum,29,KARNATAKA,24099,25749,49848,936,86.41,94.51,90.49,26518,1.108167278,188190,208546,396736,37682,241885,246407,1.018694834,488292,982,64200
11,15.13939328,Bellary,29,KARNATAKA,24250,25337,49587,957,71.64,84.83,78.26,13844,1.192866537,128493,153275,281768,23011,203618,206026,1.011826066,409644,988,36855
18,12.971677,Bengaluru,29,KARNATAKA,417854,444639,862493,940,86.25,92.63,89.59,682800,1.178071047,3110983,3664959,6775942,908363,4024671,4401299,1.093579823,8425970,914,1591163
1,26.80280488,Bettiah,10,BIHAR,8518,9685,18203,880,78,86.57,82.54,4066,1.247673093,42116,52547,94663,9372,62515,70381,1.125825802,132896,888,13438
30,21.91080318,Betul,23,MADHYA PRADESH,5233,5772,11005,907,86.11,94.27,90.27,7207,1.141341485,38927,44429,83356,9918,50439,52902,1.048831262,103341,953,17125
9,21.05827379,Bhadrak,21,ORISSA,5966,6285,12251,949,76.23,85.29,80.88,5120,1.179263456,35300,41628,76928,8191,52275,55094,1.053926351,107369,949,13311
14,13.83299018,Bhadravati,29,KARNATAKA,6913,7087,14000,975,81.7,91.56,86.6,5340,1.105818977,56247,62199,118446,7066,75756,75020,0.990284598,150776,1010,12406
12,22.82755299,Bhadreswar,19,WEST BENGAL,4307,4674,8981,921,81.8,91.47,86.89,3482,1.244350599,35756,44493,80249,5743,48016,53318,1.110421526,101334,901,9225
22,25.34780049,Bhagalpur,10,BIHAR,25714,28061,53775,916,76.31,85.38,81.16,15964,1.282870446,122420,157049,279469,33692,186133,212005,1.138997384,398138,878,49656
1,28.75732277,Bhalswa Jahangir Pur,7,NCT OF DELHI,12975,14678,27653,884,69.71,83.1,76.94,3184,1.401653684,54303,76114,130417,5164,90879,106271,1.169368061,197150,855,8348
7,27.21698177,Bharatpur,8,RAJASTHAN,14293,17245,31538,829,72.8,90.41,82.13,12677,1.3989168,75517,105642,181159,20734,118021,134088,1.136136789,252109,880,33411
21,21.70513587,Bharuch,24,GUJARAT,7700,8406,16106,916,83.79,91.32,87.66,5849,1.153657948,62125,71671,133796,8210,81842,86887,1.061643166,168729,942,14059
11,22.85624129,Bhatpara,19,WEST BENGAL,15619,16879,32498,925,81.04,90.08,85.86,10908,1.271371564,135320,172042,307362,18147,182591,207876,1.138478895,390467,878,29055
14,21.76447257,Bhavnagar,24,GUJARAT,28314,33775,62089,838,79.44,91.36,85.62,21560,1.238359344,203382,251860,455242,30315,284321,309447,1.088371946,593768,919,51875
10,21.19384758,Bhilai Nagar,22,CHHATTISGARH,32120,35011,67131,917,80.99,93.12,87.23,37869,1.217205524,219755,267487,487242,43751,303443,322254,1.061991873,625697,942,81620
24,25.32137774,Bhilwara,8,RAJASTHAN,21617,24215,45832,893,76.08,91.8,84.27,16932,1.313220801,114456,150306,264762,24856,172057,187952,1.092382176,360009,915,41788
15,16.54489381,Bhimavaram,28,ANDHRA PRADESH,6008,6149,12157,977,80.07,86.87,83.41,6757,1.047366634,53012,55523,108535,11541,72214,70066,0.970255075,142280,1031,18298
3,26.44500348,Bhind,23,MADHYA PRADESH,11167,13319,24486,838,76.3,91.12,84.2,6722,1.361464942,61627,83903,145530,13748,91938,105394,1.146359503,197332,872,20470
6,28.20882188,Bhiwadi,8,RAJASTHAN,7804,9080,16884,859,70.44,88.2,80.67,3804,1.700152149,26290,44697,70987,6331,45126,59757,1.324225502,104883,755,10135
21,19.28125477,Bhiwandi,27,MAHARASHTRA,42793,45820,88613,934,77.11,84.5,81.53,10284,1.633194341,192816,314906,507722,14404,292851,418478,1.428979242,711329,700,24688
13,28.77516938,Bhiwani,6,HARYANA,10063,12444,22507,809,77.56,90.42,84.39,11055,1.317486947,63779,84028,147807,17068,92290,105372,1.141748835,197662,876,28123
27,23.25993338,Bhopal,23,MADHYA PRADESH,99022,107945,206967,917,80.9,89.19,85.24,127395,1.211034773,612482,741737,1354219,155418,856088,939560,1.097503995,1795648,911,282813
17,20.29605879,Bhubaneswar Town,21,ORISSA,35670,39567,75237,902,90.26,95.69,93.15,79225,1.205182579,322079,388164,710243,121563,392504,445233,1.134340032,837737,882,200788
1,23.24199977,Bhuj,24,GUJARAT,7529,8365,15894,900,82.1,92.29,87.5,6921,1.266969398,50650,64172,114822,9536,69223,77900,1.125348511,147123,889,16457
3,21.04552048,Bhusawal,27,MAHARASHTRA,8944,10496,19440,852,85.89,94.64,90.37,8558,1.155685313,70559,81544,152103,11257,91095,96655,1.061035183,187750,942,19815
27,18.98908938,Bid,27,MAHARASHTRA,8954,10626,19580,843,82.81,94.01,88.56,6778,1.197879928,51036,61135,112171,12252,70582,75655,1.071873849,146237,933,19030
4,17.91487998,Bidar,29,KARNATAKA,11974,13103,25077,914,82.08,92.88,87.65,9086,1.204053345,74309,89472,163781,16824,102509,109435,1.067564799,211944,937,25910
11,22.58672969,Bidhan Nagar,19,WEST BENGAL,6286,6500,12786,967,87.69,93.08,90.44,30107,1.105605963,88281,97604,185885,35756,106960,111363,1.041164921,218323,960,65863
27,25.19821479,Biharsharif,10,BIHAR,20888,22758,43646,918,65.39,83.42,74.8,7605,1.392482286,79173,110247,189420,20487,141974,154915,1.091150492,296889,916,28092
3,16.83017088,Bijapur,29,KARNATAKA,18652,20482,39134,911,77.86,88.92,83.43,12910,1.158526699,111016,128615,239631,24355,161238,165122,1.024088614,326360,976,37265
3,28.02293487,Bikaner,8,RAJASTHAN,38984,43280,82264,901,71.77,87.15,79.86,28404,1.348790406,192296,259367,451663,44965,306910,340894,1.11072953,647804,900,73369
7,22.07962518,Bilaspur,22,CHHATTISGARH,17281,19167,36448,902,83.51,93.76,88.76,28789,1.181478847,119485,141169,260654,38607,160368,169738,1.058428115,330106,945,67396
10,23.66929569,Bokaro Steel City,20,JHARKHAND,22776,26058,48834,874,76.54,92.35,84.94,21538,1.368484562,130939,179188,310127,39496,193846,220088,1.135375504,413934,881,61034
11,23.04403819,Bongaon,19,WEST BENGAL,4065,4387,8452,927,86.58,93.79,90.25,3602,1.123003636,43454,48799,92253,6684,54252,56416,1.03988793,110668,962,10286
14,22.17042327,Botad,24,GUJARAT,7765,8889,16654,874,75.4,90.47,83.21,1581,1.290326487,41288,53275,94563,2997,62524,67778,1.084031732,130302,922,4578
19,19.31496188,Brahmapur Town,21,ORISSA,13965,15544,29509,898,85.92,93.83,90.04,18195,1.188295052,134268,159550,293818,32587,170239,185584,1.090137982,355823,917,50782
18,28.03370888,Budaun,9,UTTAR PRADESH,9193,10420,19613,882,68.97,76.67,73,8499,1.220251841,45902,56012,101914,10705,75746,83475,1.102038391,159221,907,19204
11,28.40696377,Bulandshahr,9,UTTAR PRADESH,13044,15892,28936,821,71.86,85.53,78.98,14043,1.294948072,66727,86408,153135,18503,105903,116923,1.104057487,222826,906,32546
23,25.43051448,Bundi,8,RAJASTHAN,5628,6419,12047,877,74.81,90.96,83.15,5067,1.298477467,32840,42642,75482,8081,49524,53299,1.076225668,102823,929,13148
2,28.75352128,Burari,7,NCT OF DELHI,8325,9809,18134,849,82.47,94.36,88.81,6778,1.30699305,49063,64125,113188,11136,67817,77767,1.146718374,145584,872,17914
50,21.31938758,Burhanpur,23,MADHYA PRADESH,13479,14628,28107,921,76.73,86.44,81.7,5878,1.182361537,68430,80909,149339,9325,102657,108234,1.054326544,210891,948,15203
30,25.49877858,Buxar,10,BIHAR,6379,7260,13639,879,78.76,90.91,85.16,3544,1.285059274,33151,42601,75752,8920,48468,54123,1.11667492,102591,896,12464
12,22.80494569,Champdani,19,WEST BENGAL,5587,6017,11604,929,75.91,88,82.39,2513,1.33984855,34995,46888,81883,4654,51687,59296,1.147213032,110983,872,7167
12,22.86477239,Chandannagar,19,WEST BENGAL,5202,5514,10716,943,87.98,93.21,90.62,12991,1.076475161,68179,73393,141572,17942,82692,84257,1.018925652,166949,981,30933
4,28.44805078,Chandausi,9,UTTAR PRADESH,6687,7730,14417,865,68.02,76.79,72.63,7000,1.25257828,32192,40323,72515,8436,54016,60238,1.115188092,114254,897,15436
1,30.73331488,Chandigarh,4,CHANDIGARH,48172,56020,104192,860,81.88,90.81,86.77,87821,1.343297087,317183,426071,743254,101491,435561,525226,1.205860947,960787,829,189312
13,19.97045978,Chandrapur,27,MAHARASHTRA,14432,15921,30353,906,85.83,95.53,90.81,16369,1.173707528,121434,142528,263962,21317,155911,165125,1.059097819,321036,944,37686
17,25.77956498,Chapra,10,BIHAR,13152,14516,27668,906,75.97,86.07,81.3,7142,1.264368184,62447,78956,141403,15710,95347,106250,1.11435074,201597,897,22852
10,23.63883759,Chas,20,JHARKHAND,8351,9423,17774,886,77.19,92.16,85.12,4846,1.344788469,44958,60459,105417,10431,66591,75027,1.126683786,141618,888,15277
2,13.08268028,Chennai,33,TAMIL NADU,205457,213084,418541,964,87.16,93.47,90.33,392267,1.085875532,1845974,2004498,3850472,487428,2323454,2357633,1.014710427,4681087,986,879695
8,24.72868379,Chhattarpur,23,MADHYA PRADESH,7570,8811,16381,859,79.16,89.43,84.57,8323,1.25811888,43910,55244,99154,12484,63040,70586,1.119701777,133626,893,20807
38,22.05743778,Chhindwara,23,MADHYA PRADESH,6683,7062,13745,946,86.1,94.49,90.37,12175,1.137765957,52640,59892,112532,16058,67822,70444,1.038660022,138266,963,28233
16,13.31525875,Chikmagalur,29,KARNATAKA,5332,5599,10931,952,86.26,93.39,89.79,5763,1.061864913,46844,49742,96586,7441,59637,58859,0.986954407,118496,1013,13204
17,16.09243018,Chilakaluripet,28,ANDHRA PRADESH,4609,4916,9525,938,63.89,80.54,72.08,3224,1.221269756,29864,36472,66336,6302,51349,50201,0.977643187,101550,1023,9526
12,14.23055948,Chitradurga,29,KARNATAKA,6933,7349,14282,943,84.97,92.54,88.76,6644,1.093884372,53257,58257,111514,10213,69610,70304,1.009969832,139914,990,16857
28,24.88874357,Chittaurgarh,8,RAJASTHAN,6594,7473,14067,882,77.28,92.17,84.96,6958,1.268860416,38321,48624,86945,9875,56180,60229,1.072071912,116409,933,16833
23,13.22180548,Chittoor,28,ANDHRA PRADESH,6457,7112,13569,908,81.16,91.69,86.37,8372,1.10917388,57413,63681,121094,12973,77200,76566,0.991787565,153766,1008,21345
4,28.31749657,Churu,8,RAJASTHAN,7821,8513,16334,919,63.07,86.48,75.11,2883,1.453022463,31696,46055,77751,5873,58075,61771,1.063641842,119846,940,8756
31,11.01684458,Coimbatore,33,TAMIL NADU,47221,49040,96261,963,88.47,95.02,91.74,81022,1.07133049,427489,457982,885471,87123,530430,531017,1.001106649,1061447,999,168145
16,11.74469979,Cuddalore,33,TAMIL NADU,7787,8153,15940,955,84.15,93.08,88.54,9550,1.070990268,67305,72083,139388,12022,87768,85593,0.975218759,173361,1025,21572
12,20.46252185,Cuttack,21,ORISSA,23227,25358,48585,916,84.49,97.87,91.17,43800,1.153968745,235931,272257,508188,66347,302477,303530,1.003481256,606007,997,110147
2,26.69546039,Dabgram,19,WEST BENGAL,7045,7427,14472,949,67.34,80.29,73.98,829,1.252774605,34149,42781,76930,1703,57756,60708,1.051111573,118464,951,2532
4,28.60046778,Dallo Pura,7,NCT OF DELHI,8871,9961,18832,891,75.34,87.88,81.92,7216,1.28911013,48715,62799,111514,9918,73530,81425,1.107371141,154955,903,17134
11,23.83809868,Damoh,23,MADHYA PRADESH,7030,7682,14712,915,81.4,92.34,87.1,6804,1.234025726,42991,53052,96043,9740,59846,65133,1.088343415,124979,919,16544
13,26.11186885,Darbhanga,10,BIHAR,19190,21202,40392,905,74.68,86.43,80.88,11874,1.290646663,89583,115620,205203,26731,139146,154970,1.113722277,294116,898,38605
1,27.03600669,Darjiling,19,WEST BENGAL,3107,3440,6547,903,91.85,96.53,94.18,7490,1.041460443,52532,54710,107242,8829,60300,60114,0.996915423,120414,1003,16319
5,25.66532628,Datia,23,MADHYA PRADESH,5665,6553,12218,864,73.06,87.29,80.54,4757,1.323416915,30589,40482,71071,7960,47535,52931,1.113516356,100466,898,12717
13,14.46634388,Davanagere,29,KARNATAKA,21657,22888,44545,946,80.76,88.92,84.89,15819,1.128000565,155804,175747,331551,24921,214584,220544,1.027774671,435128,973,40740
2,24.25850317,Deesa,24,GUJARAT,6402,7790,14192,822,71.14,89.29,80.67,1987,1.389095907,32740,45479,78219,3946,52425,58724,1.120152599,111149,893,5933
5,30.31649458,Dehradun,5,UTTARAKHAND,27580,31600,59180,873,85.66,92.65,89.32,65429,1.18811657,211959,251832,463791,70607,275009,303411,1.10327662,578420,906,136036
32,24.92773518,Dehri,10,BIHAR,8802,9570,18372,920,76.05,89.92,83.38,4483,1.325813123,42552,56416,98968,10297,64757,72311,1.116651482,137068,896,14780
99,28.704177,Delhi,7,NCT OF DELHI,561337,647938,1209275,866,83.2,91.44,87.6,1011097,1.254786733,3806615,4776490,8583105,1210040,5136473,5871362,1.143072688,11007835,875,2221137
8,28.59612798,Delhi Cantonment,7,NCT OF DELHI,5956,7258,13214,821,86.26,94.54,91.11,7664,1.55168762,36827,57144,93971,9653,48649,67703,1.391662727,116352,719,17317
5,24.47632019,Deoghar,20,JHARKHAND,12022,13907,25929,864,79.98,92.8,86.8,7911,1.321019512,66267,87540,153807,19215,94873,108243,1.140925237,203116,876,27126
9,28.49621528,Deoli,7,NCT OF DELHI,10525,12001,22526,877,75.47,91.02,83.85,4352,1.410077292,51105,72062,123167,8694,78237,91173,1.165343763,169410,858,13046
59,26.42700398,Deoria,9,UTTAR PRADESH,6578,7243,13821,908,83.43,93.73,88.81,9424,1.230800946,46083,56719,102802,15782,61816,67754,1.096059273,129570,912,25206
20,22.96226728,Dewas,23,MADHYA PRADESH,16318,18117,34435,901,78.49,92.66,85.83,12267,1.268414016,96489,122388,218877,17581,139245,150193,1.078624008,289438,927,29848
9,23.79565319,Dhanbad,20,JHARKHAND,69696,76767,146463,908,72.69,87.93,80.78,35447,1.36845252,346221,473787,820008,69321,545972,615589,1.127510202,1161561,887,104768
22,14.41374478,Dharmavaram,28,ANDHRA PRADESH,5522,6441,11963,857,62.66,80.77,71.83,2324,1.323797483,34012,45025,79037,5236,59806,62186,1.039795338,121992,962,7560
8,26.70251818,Dhaulpur,8,RAJASTHAN,7740,9459,17199,818,67.74,84.22,76.56,4102,1.430357247,34318,49087,83405,7680,58402,67740,1.159891785,126142,862,11782
2,20.90422017,Dhule,27,MAHARASHTRA,20431,23246,43677,879,85.4,94.08,89.86,14844,1.161591235,138182,160511,298693,23320,182239,193854,1.063734985,376093,940,38164
11,27.47283279,Dibrugarh,18,ASSAM,5748,6114,11862,940,87.14,92.19,89.77,8653,1.145965309,53040,60782,113822,12225,66617,72044,1.081465692,138661,925,20878
5,25.86298859,Dimapur,13,NAGALAND,7093,7345,14438,966,85.24,89.48,87.48,5460,1.171699741,44042,51604,95646,7442,58760,65017,1.106484003,123777,904,12902
28,25.63282649,Dinapur Nizamat,10,BIHAR,11694,13398,25092,873,71.39,84.54,78.4,6070,1.350542804,52413,70786,123199,13707,85112,97129,1.141190431,182241,876,19777
11,10.36731238,Dindigul,33,TAMIL NADU,8929,9301,18230,960,86.79,94.38,90.55,10667,1.067536547,82770,88360,171130,12660,104298,102927,0.986854973,207225,1013,23327
11,22.64705149,Dum Dum,19,WEST BENGAL,3194,3484,6678,917,92.88,94.09,93.51,10999,1.091706314,49604,54153,103757,14288,56598,61039,1.07846567,117637,927,25287
10,21.19044948,Durg,22,CHHATTISGARH,14121,15044,29165,939,82,93.72,87.94,17019,1.176629845,96773,113866,210639,21409,132142,136537,1.033259675,268679,968,38428
9,23.52044439,Durgapur,19,WEST BENGAL,24553,25959,50512,946,83.23,92.1,87.84,32251,1.197395702,206428,247176,453604,47809,272588,294349,1.0798311,566937,926,80060
15,16.71066048,Eluru,28,ANDHRA PRADESH,9077,9048,18125,1003,71.26,77.1,74.13,9271,1.049665469,70995,74521,145516,14252,108707,105707,0.972402881,214414,1028,23523
6,25.01084089,English Bazar,19,WEST BENGAL,14564,18647,33211,781,83.86,85.44,84.69,11590,1.13776968,72447,82428,154875,17393,100957,115126,1.14034688,216083,877,28983
9,11.34103648,Erode,33,TAMIL NADU,6740,6935,13675,972,83.65,93.18,88.39,8501,1.099053555,60331,66307,126638,11114,78859,78094,0.990299142,156953,1010,19615
70,27.55875058,Etah,9,UTTAR PRADESH,6511,7653,14164,851,81.96,90.4,86.43,8557,1.241089158,40288,50001,90289,13031,55666,62966,1.131139295,118632,884,21588
30,26.84581488,Etawah,9,UTTAR PRADESH,13401,15521,28922,863,78.35,86.95,82.89,15442,1.241317117,84275,104612,188887,22962,120961,135829,1.12291565,256790,891,38404
46,26.77324768,Faizabad,9,UTTAR PRADESH,7821,8658,16479,903,83.45,89.34,86.52,13581,1.161867112,60457,70243,130700,17077,80265,87279,1.087385535,167544,920,30658
20,28.40891238,Faridabad,6,HARYANA,80965,95808,176773,845,78.53,90.44,84.88,96836,1.315188029,450144,592024,1042168,123138,654207,750446,1.147107873,1404653,872,219974
28,27.38261268,Farrukhabad-cum-Fatehgarh,9,UTTAR PRADESH,15002,17340,32342,865,70.35,79.02,74.92,13061,1.249253768,81074,101282,182356,18099,130239,145515,1.117292055,275754,895,31160
41,25.84998088,Fatehpur,9,UTTAR PRADESH,10228,11850,22078,863,71.82,83.06,77.69,10015,1.266816182,58857,74561,133418,15061,92181,101620,1.102396372,193801,907,25076
16,27.15910068,Firozabad,9,UTTAR PRADESH,38896,43543,82439,893,64.5,74.95,70.08,14880,1.328341183,156913,208434,365347,21265,282173,321624,1.139811392,603797,877,36145
9,30.93313487,Firozpur,3,PUNJAB,5254,6262,11516,839,75.69,83.37,79.75,7484,1.236748513,35147,43468,78615,7455,51690,58401,1.129831689,110091,885,14939
7,15.43246518,Gadag-Betigeri,29,KARNATAKA,8900,9519,18419,935,79.82,91.37,85.56,5985,1.128522857,62059,70035,132094,9941,86648,86165,0.994425722,172813,1006,15926
1,23.0752977,Gandhidham,24,GUJARAT,14872,16352,31224,909,76.08,89.69,83.34,10382,1.348445193,77180,104073,181253,14049,116317,132388,1.13816553,248705,879,24431
6,23.21563547,Gandhinagar,24,GUJARAT,8428,10423,18851,809,90.57,96.55,93.7,21214,1.168193477,81870,95640,177510,31129,98820,109479,1.107862781,208299,903,52343
1,29.90383997,Ganganagar,8,RAJASTHAN,11117,13651,24768,814,76.65,88.9,83.22,15340,1.341878298,71075,95374,166449,19007,103844,120929,1.164525635,224773,859,34347
10,26.48465378,Gangapur City,8,RAJASTHAN,7405,8693,16098,852,67.52,90.8,79.78,3123,1.496337497,32901,49231,82132,6727,56135,62910,1.120691191,119045,892,9850
6,15.43187476,Gangawati,29,KARNATAKA,6413,6709,13122,956,68.31,84.9,76.58,2378,1.234914407,31603,39027,70630,4549,52676,52678,1.000037968,105354,1000,6927
34,24.79545238,Gaya,10,BIHAR,28049,30966,59015,906,80.35,90.49,85.74,17848,1.275690753,152370,194377,346747,38831,217690,245764,1.128963205,463454,886,56679
64,25.58404198,Ghazipur,9,UTTAR PRADESH,5916,6773,12689,873,79.79,90.61,85.46,7422,1.24996642,37225,46530,83755,11418,52572,58126,1.105645591,110698,904,18840
4,24.28414829,Giridih,20,JHARKHAND,7297,8149,15446,895,80.9,90.18,85.75,4974,1.221969221,38208,46689,84897,10138,54523,59924,1.099059113,114447,910,15112
17,22.77880447,Godhra,24,GUJARAT,8319,9045,17364,920,83.32,93.79,88.72,4482,1.197404183,50774,60797,111571,7571,69258,73868,1.066562708,143126,938,12053
3,28.70342377,Gokal Pur,7,NCT OF DELHI,7017,8282,15299,847,78.26,91.41,85.24,6548,1.323781283,39119,51785,90904,9445,57003,64935,1.139150571,121938,878,15993
52,27.13399138,Gonda,9,UTTAR PRADESH,5813,6476,12289,898,73.75,88.11,81.07,7027,1.241398927,36914,45825,82739,10185,55869,58484,1.046805921,114353,955,17212
9,21.96194637,Gondal,24,GUJARAT,5233,6358,11591,823,80.61,90.5,85.73,4554,1.207164271,39027,47112,86139,6003,53647,58417,1.088914571,112064,918,10557
11,21.46244918,Gondiya,27,MAHARASHTRA,6183,6652,12835,929,89.69,97.7,93.7,8388,1.092097677,53769,58721,112490,10175,66133,66756,1.00942041,132889,991,18563
57,26.76055458,Gorakhpur,9,UTTAR PRADESH,29236,32969,62205,887,80.72,90.7,85.97,50607,1.249607832,232681,290760,523441,73116,317498,353550,1.113550322,671048,898,123723
99,17.385078,Greater Hyderabad,28,ANDHRA PRADESH,352022,373794,725816,942,79.79,85.96,82.96,478747,1.13922607,2359594,2688111,5047705,685402,3309168,3500802,1.057910025,6809970,945,1164149
99,19.076072,Greater Mumbai,27,MAHARASHTRA,540139,599007,1139146,902,86.7,93.32,90.28,837407,1.270069351,4509812,5727774,10237586,964964,5741632,6736815,1.173327549,12478447,852,1802371
10,28.47438798,Greater Noida,9,UTTAR PRADESH,7005,8512,15517,823,80.65,91.48,86.54,8947,1.354172201,33879,45878,79757,11844,49014,58662,1.196841719,107676,836,20791
16,16.44102558,Gudivada,28,ANDHRA PRADESH,4871,5081,9952,959,77.98,86.39,82.16,5112,1.095315443,42480,46529,89009,7411,59348,58941,0.993142145,118289,1007,12523
25,17.32973176,Gulbarga,29,KARNATAKA,33073,36073,69146,917,77.99,89.19,83.71,24708,1.193396093,176653,210817,387470,40331,259580,272451,1.049583943,532031,953,65039
41,24.63481978,Guna,23,MADHYA PRADESH,11099,12658,23757,877,73.5,89.24,81.71,8688,1.323271964,55294,73169,128463,13416,86333,94645,1.096278364,180978,912,22104
22,15.16740918,Guntakal,28,ANDHRA PRADESH,6119,6495,12614,942,67.16,84.47,75.7,4228,1.22581728,38726,47471,86197,7398,63784,62695,0.982926753,126479,1017,11626
17,16.30665258,Guntur,28,ANDHRA PRADESH,29179,30307,59486,963,76.04,86.28,81.11,36238,1.111200531,227391,252677,480068,58194,328231,323151,0.984523095,651382,1016,94432
18,28.45949658,Gurgaon,6,HARYANA,49781,58842,108623,846,82.46,89.54,86.3,107361,1.28763824,289805,373164,662969,126456,401212,475612,1.185438122,876824,844,233817
23,26.14451699,Guwahati,18,ASSAM,43589,43217,86806,1009,89.16,92.89,91.11,76972,1.145238703,372325,426401,798726,107093,461174,502255,1.089079176,963429,918,184065
4,26.21828718,Gwalior,23,MADHYA PRADESH,51674,62516,114190,827,78.82,90.85,85.2,69225,1.30284833,347537,452788,800325,100039,492618,560887,1.138584055,1053505,878,169264
11,22.84885429,Habra,19,WEST BENGAL,5412,5799,11211,933,87.53,94.04,90.85,5142,1.12123767,59305,66495,125800,8682,73165,76510,1.045718581,149675,956,13824
18,25.68583929,Hajipur,10,BIHAR,9396,10694,20090,879,72.93,84.78,79.26,4948,1.333294712,43154,57537,100691,11371,68565,78561,1.145788668,147126,873,16319
19,22.06667429,Haldia,19,WEST BENGAL,10323,10799,21122,956,83.96,93.7,89.06,6703,1.226359955,71859,88125,159984,10784,95910,104852,1.093233239,200762,915,17487
11,29.21826448,Haldwani-cum-Kathgodam,5,UTTARAKHAND,9386,10397,19783,903,78.34,84.84,81.75,16546,1.19604983,50732,60678,111410,17783,74142,81918,1.104879825,156060,905,34329
11,22.94412619,Halisahar,19,WEST BENGAL,5087,5513,10600,923,84.98,93.1,89.25,4122,1.214496031,46868,56921,103789,6680,60239,66654,1.106492472,126893,904,10802
2,29.58150127,Hanumangarh,8,RAJASTHAN,8238,9709,17947,848,70.42,85.42,78.32,6892,1.348655466,44402,59883,104285,9978,71287,79817,1.11965716,151104,893,16870
15,22.59576899,Haora,19,WEST BENGAL,39855,43155,83010,924,87.13,92.34,89.86,60489,1.16238237,411036,477781,888817,91001,511584,560577,1.095767264,1072161,913,151490
9,28.73057988,Hapur,9,UTTAR PRADESH,16892,19822,36714,852,67.72,82.08,75.34,12465,1.367894232,71931,98394,170325,16007,123107,139694,1.134736449,262801,881,28472
24,27.29789658,Hardoi,9,UTTAR PRADESH,6098,6942,13040,878,82.8,91.07,87.15,11522,1.21728831,44747,54470,99217,17644,60138,66752,1.109980378,126890,901,29166
13,29.94569068,Hardwar,5,UTTARAKHAND,12097,13853,25950,873,80.55,88.87,84.99,18612,1.262412674,74863,94508,169371,20223,105034,120201,1.144400861,225235,874,38835
20,13.00681428,Hassan,29,KARNATAKA,6153,6517,12670,944,88.17,92.9,90.51,9258,1.030692812,53954,55610,109564,11784,67343,66380,0.985700073,133723,1015,21042
7,28.63771298,Hastsal,7,NCT OF DELHI,11145,12775,23920,872,76.81,91.45,84.68,4806,1.383590102,54394,75259,129653,8095,81965,95068,1.159860916,177033,862,12901
13,27.60562128,Hathras,9,UTTAR PRADESH,7590,9096,16686,834,73.58,83.88,79.06,8067,1.295918858,41606,53918,95524,10545,64133,73376,1.144122371,137509,874,18612
15,23.99662139,Hazaribag,20,JHARKHAND,7615,8485,16100,897,85.9,93.69,89.95,10578,1.183758139,52063,61630,113693,18311,68227,74267,1.088528002,142494,919,28889
9,26.74549678,Hindaun,8,RAJASTHAN,7106,8345,15451,852,63.94,87.79,76.58,2673,1.548699982,27115,41993,69108,5291,49512,56178,1.134634028,105690,881,7964
22,13.81853788,Hindupur,28,ANDHRA PRADESH,8046,8263,16309,974,70.52,82.18,76.4,4124,1.186144718,47361,56177,103538,6926,75210,76625,1.018813988,151835,982,11050
8,20.55057288,Hinganghat,27,MAHARASHTRA,4506,5175,9681,871,90.56,97.91,94.34,4572,1.146898748,39871,45728,85599,6684,48535,51881,1.06893994,100416,936,11256
12,29.14918758,Hisar,6,HARYANA,15499,18015,33514,860,75,86.13,81.04,21519,1.363440298,91806,125172,216978,27629,137911,163338,1.18437253,301249,844,49148
32,22.74410877,Hoshangabad,23,MADHYA PRADESH,6048,6964,13012,868,82.26,93.22,87.97,7908,1.231280514,41374,50943,92317,11072,56346,61610,1.093422781,117956,915,18980
4,31.51431788,Hoshiarpur,3,PUNJAB,7658,9178,16836,834,86.3,91.68,89.11,13560,1.159396429,62561,72533,135094,13069,80153,88290,1.101518346,168443,908,26629
11,15.26885428,Hospet,29,KARNATAKA,12970,13508,26478,960,73.23,86.87,80.02,6989,1.175194408,66098,77678,143776,10567,103236,102923,0.996968112,206159,1003,17556
30,12.74091278,Hosur,33,TAMIL NADU,6542,6746,13288,970,84.79,91.57,88.24,7276,1.118053463,43133,48225,91358,8254,57410,59411,1.034854555,116821,966,15530
8,15.36470838,Hubli-Dharwad,29,KARNATAKA,48696,51293,99989,949,82.83,91.67,87.28,46386,1.121175291,347216,389290,736506,67478,467877,475980,1.017318654,943857,983,113864
12,22.88587719,Hugli-Chinsurah,19,WEST BENGAL,5646,5763,11409,980,89.16,94.7,91.94,13297,1.069552113,73657,78780,152437,17939,88257,88952,1.007874729,177209,992,31236
34,16.70900087,Ichalkaranji,27,MAHARASHTRA,15478,17402,32880,889,81.6,93.64,87.85,8937,1.240342832,99874,123878,223752,13707,137879,149691,1.085669319,287570,921,22644
99,24.81701119,Imphal,14,MANIPUR,12530,13347,25877,939,87.8,95.87,91.7,29965,1.021733117,108452,110809,219261,33950,136055,128931,0.947638823,264986,1055,63915
22,22.71956878,Indore,23,MADHYA PRADESH,105757,119354,225111,886,82.55,91.84,87.38,139255,1.202649686,688459,827975,1516434,174270,939748,1020883,1.086336975,1960631,921,313525
34,23.18146779,Jabalpur,23,MADHYA PRADESH,51136,56746,107882,901,84.88,92.65,88.9,77486,1.170909673,387579,453820,841399,92225,507775,546561,1.076384225,1054336,929,169711
3,30.16808588,Jagadhri,6,HARYANA,6151,7484,13635,822,81.96,89.04,85.79,8933,1.283455715,41809,53660,95469,9805,57163,67752,1.185242202,124915,844,18738
15,19.07409738,Jagdalpur,22,CHHATTISGARH,6612,7192,13804,919,79.16,91.51,85.44,6934,1.196022858,43398,51905,95303,9289,61435,63910,1.040286482,125345,961,16223
12,26.91243368,Jaipur,8,RAJASTHAN,174468,204320,378788,854,77.41,90.61,84.34,214041,1.294327387,990584,1282140,2272724,319107,1454070,1619280,1.113619014,3073350,898,533148
3,31.32601528,Jalandhar,3,PUNJAB,38819,44850,83669,866,82.69,87.98,85.5,65267,1.203144394,302125,363500,665625,63657,404181,458015,1.133192802,862196,882,128924
3,21.00765788,Jalgaon,27,MAHARASHTRA,22996,28548,51544,806,84.26,93.3,88.96,22161,1.200021772,165352,198426,363778,33154,219240,241228,1.100291918,460468,909,55315
18,19.82968938,Jalna,27,MAHARASHTRA,17713,19982,37695,886,77.74,91.05,84.61,8599,1.247439157,93231,116300,209531,15360,137635,147714,1.07322992,285349,932,23959
2,26.54347729,Jalpaiguri,19,WEST BENGAL,3951,4124,8075,958,88.56,93.67,91.11,8709,1.057151304,43971,46484,90455,11543,53602,53749,1.002742435,107351,997,20252
24,25.31271786,Jamalpur,10,BIHAR,5711,6587,12298,867,81.4,92.58,87.38,3473,1.304561324,35231,45961,81192,7165,48990,56231,1.147805675,105221,871,10638
21,32.72660167,Jammu,1,JAMMU & KASHMIR,19338,23317,42655,829,85.82,93.13,89.66,55977,1.199270042,187956,225410,413366,65587,238344,265346,1.113290035,503690,898,121564
10,22.47070197,Jamnagar,24,GUJARAT,23654,27452,51106,862,77.83,86.97,82.58,22536,1.211328805,178589,216330,394919,29513,253106,276202,1.091250306,529308,916,52049
12,22.80456659,Jamshedpur,20,JHARKHAND,30126,33972,64098,887,82.47,92.15,87.5,46686,1.209176089,224017,270876,494893,64276,301747,327912,1.086711715,629659,920,110962
9,23.70606889,Jamuria,19,WEST BENGAL,8539,9017,17556,947,63.68,81.73,73.11,1475,1.403736485,38753,54399,93152,3961,69397,75574,1.089009611,144971,918,5436
63,25.74900348,Jaunpur,9,UTTAR PRADESH,8584,9449,18033,908,77.98,85.81,82.11,10020,1.231082549,55240,68005,123245,14851,79424,88704,1.116841257,168128,895,24871
37,25.15158278,Jehanabad,10,BIHAR,6810,7706,14516,884,73.97,84.58,79.66,2281,1.322448032,30163,39889,70052,6620,47588,54868,1.152979743,102456,867,8901
9,21.76152467,Jetpur Navagadh,24,GUJARAT,5611,6684,12295,839,77.92,89.27,83.86,4169,1.259782416,39433,49677,89110,4677,56219,62331,1.108717693,118550,902,8846
35,25.44842578,Jhansi,9,UTTAR PRADESH,24047,27715,51762,868,77.81,89.18,83.81,33389,1.280645894,167396,214375,381771,45368,239192,268101,1.120861066,507293,892,78757
5,28.12887478,Jhunjhunun,8,RAJASTHAN,7676,8887,16563,864,63.22,84.8,74.4,3921,1.440120432,31221,44962,76183,6482,57060,61906,1.084928146,118966,922,10403
9,29.32111538,Jind,6,HARYANA,8545,10280,18825,831,75.43,90.86,83.63,8907,1.364244889,52138,71129,123267,12601,77664,88561,1.140309539,166225,877,21508
15,26.23894697,Jodhpur,8,RAJASTHAN,59881,66662,126543,898,73.93,88.42,81.56,56502,1.327876536,317891,422120,740011,84420,489861,544057,1.110635466,1033918,900,140922
12,21.5221847,Junagadh,24,GUJARAT,12724,14651,27375,868,83.83,93.23,88.63,15946,1.15859987,120246,139317,259563,20964,156159,164091,1.050794383,320250,952,36910
20,14.46735418,Kadapa,28,ANDHRA PRADESH,17423,18876,36299,923,72.54,86.22,79.38,14660,1.191105129,110693,131847,242540,27337,170026,171797,1.010416054,341823,990,41997
5,29.78567348,Kaithal,6,HARYANA,7534,9156,16690,823,73.07,87.65,80.76,7970,1.339506872,44167,59162,103329,10125,67976,76657,1.127706838,144633,887,18095
14,16.98906488,Kakinada,28,ANDHRA PRADESH,13404,13777,27181,973,77.76,84.88,81.23,18384,1.036041502,113730,117829,231559,29439,159659,152596,0.955761968,312255,1046,47823
6,23.24638957,Kalol,24,GUJARAT,5463,6572,12035,831,83.18,93.62,88.69,5537,1.257062219,39329,49439,88768,8671,52746,59380,1.12577257,112126,888,14208
10,22.97508559,Kalyani,19,WEST BENGAL,3714,3890,7604,955,84.63,92.79,88.75,7682,1.118808069,38962,43591,82553,9775,49753,50867,1.02239061,100620,978,17457
11,22.68466689,Kamarhati,19,WEST BENGAL,11539,12324,23863,936,85.43,90.79,88.22,20930,1.149809465,128323,147547,275870,29437,161739,174840,1.081000872,336579,925,50367
3,12.83417358,Kancheepuram,33,TAMIL NADU,7133,7331,14464,973,83.59,93.14,88.35,7820,1.107116701,62810,69538,132348,10805,82275,81990,0.996536007,164265,1003,18625
11,22.94410188,Kanchrapara,19,WEST BENGAL,4126,4406,8532,936,87.02,94.51,90.8,5543,1.106816929,48981,54213,103194,8265,60411,61770,1.022495903,122181,978,13808
33,26.4499238,Kanpur,9,UTTAR PRADESH,115629,135498,251127,853,82.21,85.77,84.14,209370,1.241013074,944650,1172323,2116973,250241,1264661,1502370,1.187962624,2767031,842,459611
33,26.4499238,Kanpur City,9,UTTAR PRADESH,5133,5617,10750,914,75.23,83.36,79.65,5794,1.320019163,33398,44086,77484,6841,49530,58505,1.181203311,108035,847,12635
21,10.07313158,Karaikkudi,33,TAMIL NADU,4895,5045,9940,970,87.19,95.32,91.25,5314,1.091042445,42266,46114,88380,6464,53368,53425,1.001068056,106793,999,11778
3,28.72831028,Karawal Nagar,7,NCT OF DELHI,14114,16871,30985,837,76.36,91.74,84.57,5032,1.37630384,68931,94870,163801,9446,104382,120284,1.152344274,224666,868,14478
3,18.43855538,Karimnagar,28,ANDHRA PRADESH,12204,12831,25035,951,80.79,92.61,86.75,18842,1.16596096,94468,110146,204614,33192,129130,131769,1.020436769,260899,980,52034
6,29.68569298,Karnal,6,HARYANA,13972,17319,31291,807,81.64,90.55,86.32,25203,1.228076197,99059,121652,220711,27708,135306,151668,1.120925901,286974,892,52911
71,27.81293448,Kasganj,9,UTTAR PRADESH,5904,7139,13043,827,72.57,83.97,78.56,5473,1.282547108,30356,38933,69289,7833,47734,53507,1.120941048,101241,892,13306
12,29.21042328,Kashipur,5,UTTARAKHAND,6589,7792,14381,846,78.61,87.82,83.4,9286,1.213523748,40403,49030,89433,10750,57985,63625,1.097266534,121610,911,20036
10,25.55204887,Katihar,10,BIHAR,14982,16054,31036,933,74.16,84.96,79.87,7154,1.285592661,68125,87581,155706,17105,106840,119142,1.115144141,225982,897,24259
10,17.24725288,Khammam,28,ANDHRA PRADESH,8255,8876,17131,930,76.43,87.14,81.7,10995,1.102044587,64952,71580,136532,18405,93233,91019,0.976253043,184252,1024,29400
49,21.82573348,Khandwa,23,MADHYA PRADESH,11420,12659,24079,902,82.23,91.53,86.98,10723,1.162471493,71034,82575,153609,13708,97808,102873,1.05178513,200681,951,24431
7,30.69785276,Khanna,3,PUNJAB,5986,7232,13218,828,80.82,87.67,84.43,8488,1.209363756,43914,53108,97022,8279,60319,67811,1.124206303,128130,890,16767
18,22.3460187,Kharagpur,19,WEST BENGAL,8647,9084,17731,952,81.76,91.22,86.64,10370,1.190205772,74840,89075,163915,14511,100188,106735,1.065347147,206923,939,24881
11,22.70029439,Khardaha,19,WEST BENGAL,3173,3406,6579,932,94.17,96.78,95.5,9294,1.072395185,48180,51668,99848,12228,54338,56792,1.045161765,111130,957,21522
23,21.9028775,Khargone,23,MADHYA PRADESH,6358,7020,13378,906,76.69,88.94,82.96,4839,1.21719405,34826,42390,77216,7745,51768,54684,1.056328234,106452,947,12584
9,28.75391577,Khora,9,UTTAR PRADESH,12249,14350,26599,854,77.62,93.06,86,3169,1.421574223,57819,82194,140013,7313,86741,102669,1.18362712,189410,845,10482
11,28.25135388,Khurja,9,UTTAR PRADESH,7008,8502,15510,824,60.64,73.99,67.63,4562,1.342562058,27595,37048,64643,5967,52512,58577,1.11549741,111089,896,10529
1,28.69679488,Kirari Suleman Nagar,7,NCT OF DELHI,19571,21149,40720,925,70.83,86.33,79.22,3281,1.439671526,78545,113079,191624,7340,130463,152135,1.166116064,282598,858,10621
8,26.09174229,Kishanganj,10,BIHAR,8274,8743,17017,946,69.13,79.84,74.71,2311,1.257616427,29804,37482,67286,5536,51388,55688,1.083677123,107076,923,7847
21,26.58703447,Kishangarh,8,RAJASTHAN,10163,11602,21765,876,70.52,89.19,80.15,4901,1.347656937,45496,61313,106809,8153,74676,80343,1.075887835,155019,929,13054
8,9.931232876,Kochi,32,KERALA,25603,26863,52466,953,96.69,98.31,97.49,61235,0.982204086,270062,265256,535318,54538,304906,296668,0.972981837,601574,1028,115773
27,13.13574468,Kolar,29,KARNATAKA,7938,8055,15993,985,80.69,87.28,84.02,4501,1.107743005,48857,54121,102978,7007,68489,70064,1.022996394,138553,978,11508
34,16.70498737,Kolhapur,27,MAHARASHTRA,22669,27245,49914,832,87.77,96.32,92.12,39844,1.132161878,215743,244256,459999,52599,268463,280820,1.046028689,549283,956,92443
16,22.57264688,Kolkata,19,WEST BENGAL,144577,155475,300052,930,84.98,89.08,87.14,356861,1.168857991,1682088,1966122,3648210,461615,2124017,2362662,1.112355504,4486679,899,818476
13,8.893211876,Kollam,32,KERALA,15286,16018,31304,954,90.5,93.85,92.1,21813,0.95188992,149927,142714,292641,17708,180957,168076,0.928817343,349033,1077,39521
5,22.35945018,Korba,22,CHHATTISGARH,21928,23426,45354,936,76.06,91.89,84.28,15299,1.305527586,116199,151701,267900,23427,174696,188514,1.079097403,363210,927,38726
29,25.21381568,Kota,8,RAJASTHAN,55181,62958,118139,876,75.9,90.56,83.65,55200,1.337751718,316028,422767,738795,73452,471570,529795,1.123470535,1001365,890,128652
4,11.25875318,Kozhikode,32,KERALA,20366,21208,41574,960,95.78,97.93,96.8,33524,0.923029575,196582,181451,378033,27701,225603,206494,0.915298112,432097,1093,61225
10,23.40087449,Krishnanagar,19,WEST BENGAL,5170,5624,10794,919,88.6,93.23,90.92,8785,1.063390679,62312,66262,128574,12541,75503,76700,1.015853675,152203,984,21326
9,23.73703069,Kulti,19,WEST BENGAL,16054,17321,33375,927,68.24,84.22,76.58,6481,1.348282683,91509,123380,214889,12890,150158,163819,1.090977504,313977,917,19371
19,10.96169458,Kumbakonam,33,TAMIL NADU,5940,6032,11972,985,88.3,95.17,91.7,7404,1.052832035,57238,60262,117500,9458,70763,69350,0.980031938,140113,1020,16862
31,11.57077168,Kurichi,33,TAMIL NADU,5981,6111,12092,979,86.71,94.13,90.42,6234,1.088143304,49238,53578,102816,6926,62767,63033,1.004237896,125800,996,13160
21,15.82812578,Kurnool,28,ANDHRA PRADESH,21389,22875,44264,935,72.39,83.99,78.15,22971,1.144133885,138746,158744,297490,37618,213045,211875,0.994508202,424920,1006,60589
22,27.94907948,Lakhimpur,9,UTTAR PRADESH,7595,8712,16307,872,80.82,87.53,84.39,10931,1.236442813,51209,63317,114526,15036,70960,81050,1.142192785,152010,876,25967
36,24.68785978,Lalitpur,9,UTTAR PRADESH,7780,8413,16193,925,76.78,90.5,83.96,6758,1.293421852,42778,55330,98108,10255,63493,69548,1.095364843,133041,913,17013
28,18.40879348,Latur,27,MAHARASHTRA,21049,24773,45822,850,80.19,92.32,86.43,14686,1.220455031,131156,160070,291226,27669,184603,198151,1.073389923,382754,932,42355
9,28.73164388,Loni,9,UTTAR PRADESH,35781,40450,76231,885,66.15,83.14,75.24,5480,1.447600859,134048,194048,328096,10092,238437,273859,1.148559158,512296,871,15572
26,26.84669378,Lucknow,9,UTTAR PRADESH,133127,147690,280817,901,81.36,87.81,84.72,270559,1.177363395,986314,1161250,2147564,326431,1345468,1470133,1.092655492,2815601,915,596990
7,30.90096575,Ludhiana,3,PUNJAB,80529,92492,173021,871,81.85,88.35,85.38,107163,1.282166821,539057,691161,1230218,104104,739105,874773,1.18355714,1613878,845,211267
16,16.19054578,Machilipatnam,28,ANDHRA PRADESH,6702,7076,13778,947,80.05,86.73,83.32,7915,1.03917852,63836,66337,130173,11957,86447,83561,0.966615383,170008,1035,19872
23,13.56034918,Madanapalle,28,ANDHRA PRADESH,6504,6944,13448,937,75.31,87.61,81.4,6335,1.139852018,46492,52994,99486,10050,68237,67432,0.988202881,135669,1012,16385
1,13.1478198,Madavaram,33,TAMIL NADU,5786,6049,11835,957,86.32,94.19,90.27,8346,1.100914029,45841,50467,96308,10179,58894,59631,1.012514008,118525,988,18525
11,22.69250159,Madhyamgram,19,WEST BENGAL,7479,7769,15248,963,86.88,93.37,90.16,11232,1.097963216,78948,86682,165630,16352,98353,100611,1.02295812,198964,978,27584
22,9.925200778,Madurai,33,TAMIL NADU,44712,46785,91497,956,87.62,95.22,91.42,55830,1.085923303,405571,440419,845990,73889,507572,509313,1.003430055,1016885,997,129719
7,16.73750898,Mahbubnagar,28,ANDHRA PRADESH,8030,8761,16791,917,78.69,90.84,84.77,11314,1.157795054,55439,64187,119626,18972,78479,79423,1.012028696,157902,988,30286
4,23.58796077,Mahesana,24,GUJARAT,7499,9838,17337,762,85.78,95.73,90.99,10904,1.227664352,68131,83642,151773,16287,86921,97212,1.118394864,184133,894,27191
17,22.51197688,Maheshtala,19,WEST BENGAL,21259,22210,43469,957,78.98,86.08,82.63,13308,1.15470394,155678,179762,335440,19939,218379,231044,1.057995503,449423,945,33247
17,27.21774058,Mainpuri,9,UTTAR PRADESH,6565,7735,14300,849,81.84,89.71,85.95,7880,1.195423103,40333,48215,88548,10865,55846,61481,1.100902482,117327,908,18745
20,20.55474977,Malegaon,27,MAHARASHTRA,36107,38387,74494,941,83.07,90.16,86.66,9485,1.114177952,162527,181084,343611,13345,231763,239243,1.032274349,471006,969,22830
19,30.52320768,Malerkotla,3,PUNJAB,7950,8365,16315,950,65.1,74.82,70.25,4540,1.294220954,36442,47164,83606,5227,63929,71401,1.116879663,135330,895,9767
3,28.70413968,Mandoli,7,NCT OF DELHI,7665,8547,16212,897,73.15,87.33,80.72,2678,1.36649023,35518,48535,84053,4596,56222,64123,1.140532176,120345,877,7274
16,24.07683675,Mandsaur,23,MADHYA PRADESH,7439,8282,15721,898,80.6,92.74,86.79,7305,1.195919435,49699,59436,109135,10920,69098,72370,1.047353035,141468,955,18225
19,12.52215678,Mandya,29,KARNATAKA,6443,6826,13269,944,80.74,89.54,85.11,6345,1.097948352,50496,55442,105938,9858,68987,68748,0.996535579,137735,1003,16203
21,12.91414177,Mangalore,29,KARNATAKA,19986,21485,41471,930,91.63,96.49,94.03,39095,1.029705766,205381,211482,416863,39002,244134,240651,0.985733245,484785,1014,78097
12,22.83402486,Mango,20,JHARKHAND,13489,14769,28258,913,81.29,91.56,86.62,11537,1.212438343,76634,92914,169548,17145,107759,116243,1.078731243,224002,927,28682
14,27.49241348,Mathura,9,UTTAR PRADESH,19352,22536,41888,859,70.7,82.05,76.75,18289,1.327661547,101379,134597,235976,26068,162750,186586,1.146457757,349336,872,44357
61,25.94963798,Maunath Bhanjan,9,UTTAR PRADESH,19831,20820,40651,952,72.94,83.95,78.6,8478,1.215441003,84580,102802,187382,12297,135787,143273,1.055130462,279060,948,20775
18,22.43088929,Medinipur,19,WEST BENGAL,7106,7259,14365,979,86.56,93.4,90.01,11255,1.099359506,66355,72948,139303,17243,83765,85362,1.019065242,169127,981,28498
7,28.98446188,Meerut,9,UTTAR PRADESH,75343,88567,163910,851,71.64,83.18,77.7,78833,1.282521081,389801,499928,889729,95192,619456,689567,1.113181566,1309023,898,174025
21,19.29523257,Mira Bhayander,27,MAHARASHTRA,39550,44688,84238,885,90.53,96.41,93.67,52527,1.217757882,308494,375671,684165,65979,380325,434330,1.141996976,814655,876,118506
8,16.87531068,Miryalaguda,28,ANDHRA PRADESH,5078,5357,10435,948,74.89,89.3,82.09,4689,1.191479026,34996,41697,76693,8688,51807,52048,1.004651881,103855,995,13377
68,25.13369878,Mirzapur-cum-Vindhyachal,9,UTTAR PRADESH,12995,14779,27774,879,71.8,83.85,78.25,9621,1.34521505,68705,92423,161128,16225,108688,125003,1.150108568,233691,869,25846
9,28.83163078,Modinagar,9,UTTAR PRADESH,6206,7975,14181,778,84.16,95.23,90,11211,1.264224203,46101,58282,104383,13484,60982,69179,1.134416713,130161,882,24695
8,30.81646038,Moga,3,PUNJAB,7154,8348,15502,857,78.82,85,82.09,9406,1.212359685,50066,60698,110764,8356,70672,79760,1.128594068,150432,886,17762
4,28.83864818,Moradabad,9,UTTAR PRADESH,52377,57999,110376,903,66.9,74.05,70.65,43044,1.218610742,248190,302447,550637,48955,423378,466432,1.101691633,889810,908,91999
2,26.49335628,Morena,23,MADHYA PRADESH,11818,14636,26454,807,70.22,89.08,80.38,6847,1.481781736,56372,83531,139903,14504,92101,108405,1.177023051,200506,850,21351
9,22.81198957,Morvi,24,GUJARAT,10118,11736,21854,862,78.4,90.37,84.59,6754,1.236255619,62953,77826,140779,8441,90418,97860,1.08230662,188278,924,15195
2,26.64696248,Motihari,10,BIHAR,7434,8891,16325,836,83.52,90.36,87.2,5916,1.258959593,42022,52904,94926,13634,57745,67438,1.167858689,125183,856,19550
65,25.28149478,Mughalsarai,9,UTTAR PRADESH,6620,7377,13997,897,75.29,89.63,82.83,4514,1.32061447,34306,45305,79611,7244,52185,57925,1.109993293,110110,901,11758
10,30.47663917,Muktsar,3,PUNJAB,6191,7448,13639,831,71.53,82.5,77.31,5854,1.286943841,34972,45007,79979,5931,55080,62005,1.125726216,117085,888,11785
24,25.37475619,Munger,10,BIHAR,13937,15323,29260,910,76.59,86.43,81.83,6163,1.284024657,65864,84571,150435,13825,99928,113173,1.132545433,213101,883,19988
33,23.74738078,Murwara,23,MADHYA PRADESH,11869,13299,25168,892,81.64,92.77,87.42,11555,1.227856301,77189,94777,171966,15456,106412,115463,1.085056197,221875,922,27011
3,28.71139688,Mustafabad,7,NCT OF DELHI,9194,10176,19370,903,66.98,84.33,76.1,1512,1.395105406,34201,47714,81915,2950,60258,66754,1.107803113,127012,903,4462
2,29.47268178,Muzaffarnagar,9,UTTAR PRADESH,22291,26401,48692,844,75.65,85.82,80.99,27236,1.254236739,123503,154902,278405,31729,185549,206902,1.115080114,392451,897,58965
14,26.12088769,Muzaffarpur,10,BIHAR,19989,22287,42276,897,81.05,88.83,85.16,21339,1.232517571,118090,145548,263638,40575,165693,186145,1.123433096,351838,890,61914
23,12.29581048,Mysore,29,KARNATAKA,37882,40106,77988,945,83.73,89.96,86.84,64287,1.068929384,339739,363157,702896,85019,443633,443813,1.000405741,887446,1000,149306
10,23.40364469,Nabadwip,19,WEST BENGAL,4059,4329,8388,938,84.07,91.14,87.75,3591,1.176710994,47224,55569,102793,6492,60228,65300,1.084213323,125528,922,10083
16,22.69158537,Nadiad,24,GUJARAT,9190,10804,19994,851,83.31,93,88.28,11208,1.174055156,80463,94468,174931,16224,105769,112381,1.062513591,218150,941,27432
6,26.34637139,Nagaon,18,ASSAM,5814,5574,11388,1043,88.08,98.58,93.43,6475,1.161135352,45378,52690,98068,8798,57334,59021,1.029424076,116355,971,15273
17,10.76560828,Nagapattinam,33,TAMIL NADU,5450,5858,11308,930,84.89,94.27,89.49,3569,1.071701358,39539,42374,81913,4900,52029,50809,0.976551539,102838,1024,8469
14,27.19912227,Nagaur,8,RAJASTHAN,6060,6914,12974,876,63.42,82.06,73.05,2428,1.384744311,26849,37179,64028,5384,48398,52220,1.078970205,100618,927,7812
18,23.44545998,Nagda,23,MADHYA PRADESH,5213,5840,11053,893,73.37,89.46,81.61,4137,1.279785264,31853,40765,72618,5707,48626,51410,1.057253321,100036,946,9844
28,8.183285777,Nagercoil,33,TAMIL NADU,9435,9599,19034,983,93.74,97.03,95.35,16516,0.993299594,98203,97545,195748,17826,114197,110132,0.964403618,224329,1037,34342
9,21.14580048,Nagpur,27,MAHARASHTRA,114014,123851,237865,921,89.99,96.16,93.13,180933,1.10657049,958239,1060359,2018598,201349,1178811,1226610,1.040548485,2405421,961,382282
11,22.89287249,Naihati,19,WEST BENGAL,8385,9057,17442,926,86.31,93.16,89.79,9304,1.112792519,86832,96626,183458,13877,108989,112773,1.0347191,221762,966,23181
8,17.05757078,Nalgonda,28,ANDHRA PRADESH,6638,6924,13562,959,81.92,92.23,87.08,9659,1.126845435,49785,56100,105885,16916,67414,67749,1.004969294,135163,995,26575
15,19.14288698,Nanded Waghala,27,MAHARASHTRA,31764,36417,68181,872,81.74,92.68,87.4,19590,1.217146884,190157,231449,421606,38146,264412,286152,1.082220172,550564,924,57736
1,21.74685487,Nandurbar,27,MAHARASHTRA,5753,6868,12621,838,81.56,92.1,86.99,4010,1.197910785,38962,46673,85635,7441,53524,57543,1.075087811,111067,930,11451
21,15.47856948,Nandyal,28,ANDHRA PRADESH,9865,10723,20588,920,69.67,84.12,76.89,7871,1.20665541,62776,75749,138525,14540,99976,100770,1.007941906,200746,992,22411
7,28.68412068,Nangloi Jat,7,NCT OF DELHI,13059,15215,28274,858,75.7,90.08,83.4,4913,1.370303254,62357,85448,147805,7779,95429,110068,1.153402006,205497,867,12692
17,16.23535068,Narasaraopet,28,ANDHRA PRADESH,5055,5390,10445,938,73.18,85.59,79.45,4888,1.194875675,38327,45796,84123,8984,57431,58898,1.025543696,116329,975,13872
20,19.99745337,Nashik,27,MAHARASHTRA,78296,91457,169753,856,86.51,94.96,90.96,87159,1.220598674,539559,658585,1198144,116855,701978,784995,1.118261541,1486973,894,204014
21,19.03304887,Navi Mumbai,27,MAHARASHTRA,58785,65230,124015,901,87.33,95.05,91.57,85176,1.32367284,392285,519257,911542,107448,507976,611501,1.203798998,1119477,831,192624
24,18.98940077,Navi Mumbai Panvel Raigarh,27,MAHARASHTRA,12046,13633,25679,884,86.16,94.36,90.72,9070,1.371408723,64775,88833,153608,13561,87228,107771,1.23550924,194999,809,22631
23,20.94670197,Navsari,24,GUJARAT,7327,8427,15754,869,85.02,93.21,89.25,8206,1.169268334,59385,69437,128822,9219,77175,82925,1.074505993,160100,931,17425
15,24.47638527,Neemuch,23,MADHYA PRADESH,7141,7809,14950,914,78.9,92.13,85.86,6759,1.295367023,42327,54829,97156,9669,60786,67322,1.107524759,128108,903,16428
19,14.44259878,Nellore,28,ANDHRA PRADESH,20340,21701,42041,937,79.52,87.53,83.59,25410,1.136774023,181204,205988,387192,42377,248215,257043,1.035565941,505258,966,67787
99,28.613977,New Delhi,7,NCT OF DELHI,9699,11158,20857,869,86.56,94.55,90.93,28228,1.31762311,89899,118453,208352,35345,113560,136438,1.201461782,249998,832,63573
16,11.54323648,Neyveli,33,TAMIL NADU,3138,3496,6634,898,86.01,95.86,90.98,8791,1.133481699,42238,47876,90114,9716,52245,53442,1.022911283,105687,978,18507
2,18.67250478,Nizamabad,28,ANDHRA PRADESH,16848,17408,34256,968,73.83,86.82,80.31,12512,1.169986109,102226,119603,221829,22062,155304,155163,0.999092103,310467,1001,34574
10,28.53551618,Noida,9,UTTAR PRADESH,39037,44493,83530,877,83.28,92.9,88.58,62322,1.370575926,208829,286216,495045,80692,289804,352577,1.216605016,642381,822,143014
11,22.79023589,North Barrackpur,19,WEST BENGAL,3955,4310,8265,918,92.68,96.84,94.78,9892,1.063050358,58144,61810,119954,13155,66689,68136,1.021697731,134825,979,23047
11,22.66580769,North Dum Dum,19,WEST BENGAL,8419,8871,17290,949,89.55,94.34,91.98,16835,1.08201793,104404,112967,217371,24007,125005,128620,1.028918843,253625,972,40842
18,15.50572328,Ongole,28,ANDHRA PRADESH,9022,9651,18673,935,77.72,89.41,83.57,11881,1.150294833,71566,82322,153888,20610,101098,101728,1.006231577,202826,994,32491
34,26.0086479,Orai,9,UTTAR PRADESH,9172,10859,20031,845,76.2,89.6,83.31,10439,1.329552678,59778,79478,139256,18954,87621,99564,1.136302941,187185,880,29393
29,18.20696368,Osmanabad,27,MAHARASHTRA,6162,7184,13346,858,82.52,93.45,88.15,4844,1.205579769,39464,47577,87041,9459,53987,58098,1.076147962,112085,929,14303
2,11.94756118,Ozhukarai,34,PUDUCHERRY,14304,14910,29214,959,85.48,95.06,90.2,22365,1.077057168,117601,126663,244264,28317,151874,148154,0.975506012,300028,1025,50682
6,10.78673038,Palakkad,32,KERALA,5684,5930,11614,959,91.73,96.83,94.2,8391,0.993813592,56414,56065,112479,8436,67186,63833,0.95009377,131019,1053,16827
2,24.17405172,Palanpur,24,GUJARAT,6572,7810,14382,841,78.13,94.14,86.44,5325,1.302906427,42320,55139,97459,9802,60741,66384,1.092902652,127125,915,15127
20,25.77108937,Pali,8,RAJASTHAN,14309,16257,30566,880,67.08,89.35,78.67,5466,1.445061026,64153,92705,156858,10768,109948,120008,1.091497799,229956,916,16234
3,12.96734848,Pallavaram,33,TAMIL NADU,10351,10585,20936,978,90.57,95.94,93.26,22631,1.061726998,88373,93828,182201,27872,107927,108381,1.004206547,216308,996,50503
21,28.14873628,Palwal,6,HARYANA,7048,8614,15662,818,73.42,87.78,81,6561,1.337171349,38909,52028,90937,9276,60044,67887,1.130620878,127931,884,15837
1,30.69420918,Panchkula,6,HARYANA,10087,12024,22111,839,83.98,91.31,87.86,29834,1.223979434,74297,90938,165235,32821,98553,111622,1.13260885,210175,883,62655
11,22.69831089,Panihati,19,WEST BENGAL,12079,12599,24678,959,90.47,95.05,92.78,24464,1.06610565,161136,171788,332924,34203,190189,193333,1.016530925,383522,984,58667
7,29.39094648,Panipat,6,HARYANA,16231,19246,35477,843,79.09,88.83,84.29,18642,1.285500136,95394,122629,218023,19231,136848,157302,1.1494651,294150,870,37873
24,18.98940077,Panvel,27,MAHARASHTRA,8299,9213,17512,901,91.54,96.27,93.98,18649,1.116686018,72348,80790,153138,20964,87329,93135,1.066484215,180464,938,39613
17,19.26099588,Parbhani,27,MAHARASHTRA,18888,21187,40075,891,77.7,90.71,84.34,10435,1.218854025,101538,123760,225298,19600,149563,157628,1.053923765,307191,949,30035
3,23.84932467,Patan,24,GUJARAT,5698,6589,12287,865,80.91,93.66,87.56,5008,1.261412114,43835,55294,99129,8422,59874,65628,1.096101814,125502,912,13430
1,32.26433758,Pathankot,3,PUNJAB,6008,7488,13496,802,84.96,91.94,88.6,12064,1.179948914,54810,64673,119483,11974,70524,77833,1.103638478,148357,906,24038
14,30.33978098,Patiala,3,PUNJAB,18097,21058,39155,859,82.7,89.59,86.36,43308,1.229115245,141802,174291,316093,43389,189558,215606,1.137414406,405164,879,86697
28,25.59409479,Patna,10,BIHAR,88288,102208,190496,864,81.33,87.71,84.71,108396,1.218683272,569943,694580,1264523,199207,789042,894158,1.133219778,1683200,882,307603
20,28.62079398,Pilibhit,9,UTTAR PRADESH,5629,6138,11767,917,71.61,76.63,74.26,7522,1.199730398,40059,48060,88119,9986,61573,68855,1.118266123,130428,894,17508
25,18.62978117,Pimpri Chinchwad,27,MAHARASHTRA,100274,116421,216695,861,86.37,94.63,90.9,108008,1.330476846,590002,784984,1374986,141573,783406,945953,1.207487561,1729359,828,249581
21,22.61325275,Pithampur,23,MADHYA PRADESH,9566,10872,20438,880,72.65,90.49,82.73,1493,1.618294546,33387,54030,87417,3657,55522,70577,1.271153777,126099,787,5150
11,21.64170697,Porbandar,24,GUJARAT,6452,7415,13867,870,80.92,91.69,86.46,4182,1.198569169,54374,65171,119545,5671,73646,78490,1.065774109,152136,938,9853
3,11.62337749,Port Blair,35,ANDAMAN & NICOBAR ISLANDS,4506,4852,9358,929,86.34,92.79,89.76,5703,1.21372973,37000,44908,81908,6717,47361,53247,1.12427947,100608,889,12420
20,14.74918648,Proddatur,28,ANDHRA PRADESH,7517,7999,15516,940,70.2,86.02,78.08,6307,1.216011561,51900,63111,115011,11844,81448,81368,0.999017778,162816,1001,18151
2,11.91385988,Puducherry,34,PUDUCHERRY,11167,11245,22412,993,84.91,93.88,89.29,16744,1.052146854,95442,100419,195861,21086,123568,118205,0.956598796,241773,1045,37830
20,10.37966378,Pudukkottai,33,TAMIL NADU,5287,5566,10853,950,88.62,95.78,92.19,6829,1.074953445,47256,50798,98054,8275,58614,58601,0.99977821,117215,1000,15104
25,18.52043037,Pune,27,MAHARASHTRA,153420,171152,324572,896,87.91,95.13,91.61,307486,1.138664108,1195486,1361257,2556743,349022,1513294,1602137,1.058708354,3115431,945,656508
18,19.81338229,Puri,21,ORISSA,8061,8939,17000,902,85.66,92.84,89.38,10084,1.164878845,75977,88504,164481,16978,96759,104267,1.077594849,201026,928,27062
9,25.77713919,Purnia,10,BIHAR,19965,21081,41046,947,68.98,79.36,74.48,8406,1.297362388,77646,100735,178381,19787,132526,148021,1.116920453,280547,895,28193
14,23.33207799,Puruliya,19,WEST BENGAL,5614,5877,11491,955,75.53,88.76,82.34,5212,1.24884495,40258,50276,90534,9581,58916,62520,1.061171838,121436,942,14793
27,26.23452988,Rae Bareli,9,UTTAR PRADESH,8980,9886,18866,908,78.25,87.28,82.97,14790,1.220300261,64344,78519,142863,20169,91212,99844,1.094636671,191056,914,34959
5,16.21200318,Raichur,29,KARNATAKA,13638,14286,27924,955,70.49,84.34,77.47,8020,1.216762965,71479,86973,158452,14425,115048,117408,1.020513177,232456,980,22445
4,25.61852959,Raiganj,19,WEST BENGAL,9971,10576,20547,943,78.76,84.26,81.66,6369,1.193200527,60740,72475,133215,10419,87093,96589,1.109032873,183682,902,16788
4,21.89740038,Raigarh,22,CHHATTISGARH,7939,8637,16576,919,81.18,93.64,87.55,7947,1.205841156,47833,57679,105512,12214,66863,70234,1.050416523,137097,952,20161
11,21.25138448,Raipur,22,CHHATTISGARH,59949,64522,124471,929,81.1,92.39,86.9,62810,1.202373525,349438,420155,769593,84384,490801,519286,1.058037779,1010087,945,147194
14,17.00053838,Rajahmundry,28,ANDHRA PRADESH,14731,15152,29883,972,80.54,88.14,84.28,20703,1.061722432,128365,136288,264653,32901,174117,169786,0.975125921,343903,1026,53604
24,9.465337777,Rajapalayam,33,TAMIL NADU,5133,5371,10504,956,80.43,92.18,86.25,4510,1.125066941,48550,54622,103172,6514,65495,64624,0.986701275,130119,1013,11024
11,22.63219759,Rajarhat Gopalpur,19,WEST BENGAL,16734,17354,34088,964,88.4,93.34,90.91,31159,1.087747975,161508,175680,337188,42023,199431,205560,1.030732434,404991,970,73182
9,22.30389457,Rajkot,24,GUJARAT,59702,72139,131841,828,84.61,92.67,88.82,69102,1.198636727,466671,559369,1026040,78946,611264,675731,1.105465069,1286995,905,148048
9,21.09710348,Rajnandgaon,22,CHHATTISGARH,9067,9610,18677,943,81.61,94.29,87.95,8316,1.156617098,58908,68134,127042,11324,81249,81873,1.007680095,163122,992,19640
17,22.44908949,Rajpur Sonarpur,19,WEST BENGAL,15402,16186,31588,952,87.71,94.28,91.06,28308,1.116091954,168780,188374,357154,40399,207823,215983,1.039264182,423806,962,68707
3,18.75955038,Ramagundam,28,ANDHRA PRADESH,8021,8946,16967,897,67.75,83.1,75.54,9943,1.265044273,70924,89722,160646,17266,112712,116920,1.03733409,229632,964,27209
5,25.48422098,Rampur,9,UTTAR PRADESH,18209,19736,37945,923,57.83,63.4,60.74,14314,1.199190936,79351,95157,174508,16005,155422,169826,1.092676712,325248,915,30319
19,23.34409979,Ranchi,20,JHARKHAND,57907,64446,122353,899,83.75,92.87,88.49,79927,1.201346986,382335,459317,841652,120922,514409,559031,1.086744205,1073440,920,200849
10,14.61134288,Ranibennur,29,KARNATAKA,5590,5982,11572,934,89.8,90.16,89.98,3625,1.027814758,42064,43234,85298,6122,52432,53933,1.028627556,106365,972,9747
9,23.62905759,Raniganj,19,WEST BENGAL,7074,7759,14833,912,71.77,84.61,78.47,3494,1.287042492,39043,50250,89293,6225,61474,67150,1.092331717,128624,915,9719
17,23.33416968,Ratlam,23,MADHYA PRADESH,13633,14780,28413,922,82.48,93.09,87.88,15728,1.168021624,95821,111921,207742,20861,129803,135007,1.040091523,264810,961,36589
5,22.19931438,Raurkela Industrial Township,21,ORISSA,9582,10817,20399,886,81.22,91.54,86.6,10343,1.226151661,73915,90631,164546,12544,100589,109823,1.091799302,210412,916,22887
5,22.26042384,Raurkela Town,21,ORISSA,13753,15297,29050,899,82.94,92.37,87.95,15773,1.260867734,94983,119761,214744,22541,128268,144949,1.130048024,273217,885,38314
13,24.53729278,Rewa,23,MADHYA PRADESH,11103,13131,24234,846,81.95,92.91,87.74,15703,1.268165793,81692,103599,185291,25406,110788,124634,1.124977434,235422,889,41109
17,28.19276318,Rewari,6,HARYANA,7028,8958,15986,785,81.61,94.22,88.25,9579,1.283000497,48272,61933,110205,12960,66175,74689,1.128658859,140864,886,22539
12,22.72440239,Rishra,19,WEST BENGAL,5415,6015,11430,900,84.78,92.43,88.89,5133,1.264012065,44426,56155,100581,9452,57818,66767,1.154778789,124585,866,14585
27,12.95511898,Robertson Pet,29,KARNATAKA,6703,6619,13322,1013,86.05,93.23,89.6,6370,1.057804466,57954,61304,119258,7030,74050,72378,0.977420662,146428,1023,13400
14,28.89551528,Rohtak,6,HARYANA,18004,22711,40715,793,78.68,88.94,84.08,29991,1.257199386,123830,155679,279509,35890,175379,197754,1.127580839,373133,887,65881
13,29.85426268,Roorkee,5,UTTARAKHAND,5259,6337,11596,830,86.49,94.33,90.7,13964,1.261591728,42746,53928,96674,16630,54680,63508,1.161448427,118188,861,30594
12,28.98750828,Rudrapur,5,UTTARAKHAND,9385,10342,19727,907,65.17,80.41,73.21,6470,1.378462446,37293,51407,88700,8208,66608,74276,1.115121307,140884,897,14678
18,30.64964868,S.A.S. Nagar,3,PUNJAB,6180,6975,13155,886,91.1,95.15,93.22,27213,1.143005361,57830,66100,123930,30110,69663,76441,1.097296987,146104,911,57323
10,23.83880578,Sagar,23,MADHYA PRADESH,15446,16725,32171,924,85.52,94.55,90.23,16289,1.208027272,98564,119068,217632,23428,130702,142655,1.091452311,273357,916,39717
1,29.96707977,Saharanpur,9,UTTAR PRADESH,41477,47024,88501,882,73.72,81.71,77.94,37977,1.24142076,213801,265417,479218,42772,331487,371858,1.121787581,703345,891,80749
12,25.88349619,Saharsa,10,BIHAR,11768,12814,24582,918,70.27,84.11,77.66,5098,1.373291838,42736,58689,101425,13209,72586,82589,1.137808944,155175,879,18307
7,11.66432578,Salem,33,TAMIL NADU,35766,37452,73218,955,79.84,89.72,84.8,38972,1.135536674,300937,341725,642662,54325,412701,418337,1.013656376,831038,987,93297
3,21.46687168,Sambalpur,21,ORISSA,8698,9857,18555,882,80.92,90.3,85.74,9901,1.181541739,64784,76545,141329,16194,88756,94627,1.066147641,183383,938,26095
4,28.59036148,Sambhal,9,UTTAR PRADESH,16577,17702,34279,936,46.45,52.27,49.51,4800,1.246349391,41226,51382,92608,5780,105326,116008,1.101418453,221334,908,10580
35,16.85418877,Sangli Miraj Kupwad,27,MAHARASHTRA,24012,27524,51536,872,82.67,93.39,88.08,26640,1.15166331,184692,212703,397395,34112,247427,255270,1.031698238,502697,969,60752
10,23.26453999,Santipur,19,WEST BENGAL,6410,6565,12975,976,77,85.73,81.43,2488,1.148494526,52608,60420,113028,4725,74730,77044,1.030964807,151774,970,7213
32,24.94903684,Sasaram,10,BIHAR,9174,10189,19363,900,76.78,87.26,82.31,5663,1.267266233,46478,58900,105378,13181,69709,77687,1.114447202,147396,897,18844
31,17.68046397,Satara,27,MAHARASHTRA,5190,5833,11023,890,89.34,96.38,92.91,10023,1.107364962,48079,53241,101320,12269,59004,61075,1.035099315,120079,966,22292
12,24.60050758,Satna,23,MADHYA PRADESH,14835,16987,31822,873,80.01,92,86.33,14299,1.281477384,94004,120464,214468,23396,132324,147924,1.117892446,280248,895,37695
10,26.03777728,Sawai Madhopur,8,RAJASTHAN,7116,8170,15286,871,69.16,91.62,80.85,4500,1.439687161,35034,50438,85472,8980,57775,63223,1.094296841,120998,914,13480
5,17.43992958,Secunderabad,28,ANDHRA PRADESH,9689,10113,19802,958,83.59,91.54,87.75,18656,1.204218054,77192,92956,170148,23836,102034,111664,1.094380305,213698,914,42492
28,23.20501277,Sehore,23,MADHYA PRADESH,6116,6743,12859,907,79.99,90.71,85.52,5813,1.21029384,37129,44937,82066,8074,52534,56284,1.071382343,108818,933,13887
39,22.08686918,Seoni,23,MADHYA PRADESH,4946,5467,10413,905,86.45,95.68,91.16,6761,1.151193226,38970,44862,83832,9574,50023,52354,1.046598565,102377,955,16335
12,22.74833188,Serampore,19,WEST BENGAL,6270,6547,12817,958,87.05,92.75,89.99,12354,1.135303612,71868,81592,153460,17706,88825,94514,1.064047284,183339,940,30060
21,27.82958018,Shahjahanpur,9,UTTAR PRADESH,17186,19420,36606,885,64.5,72.87,68.92,15208,1.261484576,88793,112011,200804,18302,154842,173133,1.118126865,327975,894,33510
2,29.45075758,Shamli,9,UTTAR PRADESH,6090,7634,13724,798,75.57,87.64,81.97,6098,1.31005696,33181,43469,76650,7245,49997,57236,1.144788687,107233,874,13343
16,27.10617568,Shikohabad,9,UTTAR PRADESH,5850,7106,12956,823,76.59,86.21,81.68,6232,1.264472524,34030,43030,77060,9119,50283,57017,1.133922001,107300,882,15351
6,25.571491,Shillong,17,MEGHALAYA,6672,7120,13792,937,90.33,94.46,92.34,12647,0.992102583,59893,59420,119313,12466,72979,70028,0.95956371,143007,1042,25113
11,31.10481458,Shimla,2,HIMACHAL PRADESH,6425,7221,13646,890,93.35,95.75,94.67,19531,1.262933872,65313,82486,147799,23822,76394,93364,1.222137864,169758,818,43353
14,13.92992998,Shimoga,29,KARNATAKA,15496,16130,31626,961,84.7,91.32,88.02,15628,1.08479394,122780,133191,255971,21835,160450,161978,1.009523216,322428,991,37463
6,25.43578698,Shivpuri,23,MADHYA PRADESH,10608,12075,22683,879,70.86,86.72,79.24,8524,1.372577759,52534,72107,124641,13796,84745,95227,1.123688713,179972,890,22320
13,27.609475,Sikar,8,RAJASTHAN,14953,17236,32189,868,67.37,86.29,77.13,6987,1.364020295,67010,91403,158413,13799,114423,123156,1.076322068,237579,929,20786
17,24.83327089,Silchar,18,ASSAM,7490,7977,15467,939,89.5,93.97,91.74,9558,1.055705186,70173,74082,144255,12716,85897,86812,1.010652293,172709,989,22274
99,26.72710129,Siliguri,19,WEST BENGAL,23227,25023,48250,928,81.94,88.82,85.46,26533,1.136628127,184574,209792,394366,38470,248491,261218,1.051217147,509709,951,65003
46,24.19921018,Singrauli,23,MADHYA PRADESH,14131,15438,29569,915,67.11,86.28,77.35,6401,1.472920194,59657,87870,147527,11646,103019,117276,1.138391947,220295,878,18047
11,29.53359318,Sirsa,6,HARYANA,9000,11161,20161,806,76.98,88.5,83.03,10980,1.270913329,59639,75796,135435,13473,86476,96806,1.119455109,183282,893,24453
23,27.53250728,Sitapur,9,UTTAR PRADESH,8658,9871,18529,877,79.43,86.42,83.11,12263,1.207348072,59798,72197,131995,15740,83941,93410,1.112805423,177351,899,28003
16,26.21962058,Siwan,10,BIHAR,8192,9440,17632,868,76.89,91.71,84.65,4818,1.313619988,42746,56152,98898,9727,63788,70670,1.107888631,134458,903,14545
30,17.65991888,Solapur,27,MAHARASHTRA,49738,54728,104466,909,76.3,91.31,83.88,34479,1.220388,319845,390335,710180,54159,468924,482194,1.028298829,951118,972,88638
8,28.92877358,Sonipat,6,HARYANA,13577,17232,30809,788,81.17,93.21,87.56,21182,1.298897514,93788,121821,215609,25676,129120,147933,1.145701673,277053,873,46858
11,22.60594359,South Dum Dum,19,WEST BENGAL,13166,13734,26900,959,90.48,95.14,92.82,45002,1.062651328,172638,183454,356092,57940,203966,206558,1.012708,410524,987,102942
11,18.42850058,Srikakulam,28,ANDHRA PRADESH,5315,5686,11001,935,78.95,91.44,85.13,7620,1.134147139,45875,52029,97904,14125,63420,62583,0.986802271,126003,1013,21745
10,34.08367087,Srinagar,1,JAMMU & KASHMIR,68885,79293,148178,869,63.52,77.61,70.98,59958,1.372413815,312526,428915,741441,75825,560876,631916,1.126659012,1192792,888,135783
4,27.70447567,Sujangarh,8,RAJASTHAN,6948,7775,14723,894,63.06,85.58,74.55,1620,1.414595926,26802,37914,64716,3664,49450,52078,1.05314459,101528,950,5284
1,28.69585318,Sultan Pur Majra,7,NCT OF DELHI,11412,12842,24254,889,71.37,87.33,79.78,2671,1.364583137,53099,72458,125557,4719,85808,95816,1.116632482,181624,896,7390
48,26.26477578,Sultanpur,9,UTTAR PRADESH,5291,5975,11266,886,84.7,92.18,88.63,8345,1.200822199,38920,46736,85656,12130,51240,56674,1.106049961,107914,904,20475
25,21.17024017,Surat,24,GUJARAT,238314,293208,531522,813,84.05,92.76,89.03,118229,1.47008979,1416640,2082588,3499228,160566,1923759,2538243,1.319418389,4462002,758,278795
8,22.72013197,Surendranagar Dudhrej,24,GUJARAT,8617,9982,18599,863,78.41,91.73,85.34,7018,1.265669551,59973,75906,135879,10540,85099,92728,1.089648527,177827,918,17558
8,17.13531488,Suryapet,28,ANDHRA PRADESH,4566,4822,9388,947,78.74,91.18,84.88,4718,1.128718311,38223,43143,81366,9485,53112,52138,0.981661395,105250,1019,14203
15,16.81384158,Tadepalligudem,28,ANDHRA PRADESH,4386,4662,9048,941,79.71,86.6,83.1,4269,1.052489941,38274,40283,78557,7258,52401,51176,0.976622584,103577,1024,11527
22,14.90702748,Tadpatri,28,ANDHRA PRADESH,5512,5813,11325,948,61.93,82.51,72.17,2856,1.318692611,30167,39781,69948,5762,54222,54027,0.996403674,108249,1004,8618
3,12.92291538,Tambaram,33,TAMIL NADU,8101,7947,16048,1019,91.5,95.81,93.72,15577,1.113615959,71284,79383,150667,19571,86004,90803,1.05579973,176807,947,35148
17,16.23953138,Tenali,28,ANDHRA PRADESH,6410,6630,13040,967,78.41,86.98,82.63,8653,1.077287877,60307,64968,125275,13780,83325,81324,0.975985599,164649,1025,22433
21,19.21833077,Thane,27,MAHARASHTRA,88242,98017,186259,900,88.14,94.19,91.36,111934,1.213891742,673724,817828,1491552,129214,852579,966293,1.133376496,1818872,882,241148
4,29.96961488,Thanesar,6,HARYANA,7193,8401,15594,856,80.85,89.89,85.73,14787,1.305000386,51836,67646,119482,18192,71307,83655,1.17316673,154962,852,32979
19,10.78699948,Thanjavur,33,TAMIL NADU,9003,9581,18584,940,88.14,94.97,91.48,15169,1.029897658,91947,94696,186643,18483,113328,109291,0.964377735,222619,1037,33652
14,8.524139176,Thiruvananthapuram,32,KERALA,30463,31156,61619,978,92.58,94.94,93.72,78498,0.956928052,330865,316614,647479,72759,387833,364657,0.940242321,752490,1064,151257
26,8.764166178,Thoothukkudi,33,TAMIL NADU,11579,11864,23443,976,92.56,96.42,94.47,15279,1.026399695,99736,102369,202105,16516,119335,118039,0.989139816,237374,1011,31795
7,10.52764168,Thrissur,32,KERALA,12299,12953,25252,950,96.26,98.31,97.24,29143,0.93854879,145644,136694,282338,24392,163597,151999,0.929106279,315596,1076,53535
13,10.79048338,Tiruchirappalli,33,TAMIL NADU,36515,37866,74381,964,88.08,94.66,91.32,55342,1.04184454,345517,359975,705492,67987,428787,418128,0.975141504,846915,1025,123329
27,8.713912677,Tirunelveli,33,TAMIL NADU,21477,22511,43988,954,87.08,94.99,90.98,25861,1.057995516,190463,201509,391972,33536,240195,234643,0.976885447,474838,1024,59397
23,13.62875578,Tirupati,28,ANDHRA PRADESH,11774,12869,24643,915,82.21,92.74,87.55,20866,1.161534047,106281,123449,229730,34588,141058,145977,1.03487218,287035,966,55454
32,11.10852428,Tiruppur,33,TAMIL NADU,22052,23039,45091,957,82.41,92.69,87.67,14927,1.179117665,160710,189496,350206,18431,217074,227469,1.047886896,444543,954,33358
5,12.22528418,Tiruvannamalai,33,TAMIL NADU,7117,7413,14530,960,77.7,85.6,81.64,6847,1.096978548,50671,55585,106256,9655,72332,72351,1.000262678,144683,1000,16502
1,13.16919148,Tiruvottiyur,33,TAMIL NADU,11822,12185,24007,970,84.8,91.59,88.21,12288,1.092621415,94449,103197,197646,13493,123207,124852,1.013351514,248059,987,25781
11,22.73826659,Titagarh,19,WEST BENGAL,5087,5729,10816,888,74.47,86.87,81.18,1745,1.374449579,36790,50566,87356,3898,54490,63936,1.173352909,118426,852,5643
22,26.16204028,Tonk,8,RAJASTHAN,10842,12280,23122,883,59.85,78.7,69.47,4239,1.372662009,41649,57170,98819,7537,80436,84927,1.055833209,165363,947,11776
17,13.37096278,Tumkur,29,KARNATAKA,14422,15233,29655,947,83.47,88.39,85.97,16546,1.091472868,113520,123904,237424,25617,150415,155406,1.033181531,305821,968,42163
32,24.58544573,Udaipur,8,RAJASTHAN,22014,25338,47352,869,85.39,95.56,90.66,40615,1.201168439,166547,200051,366598,51475,217054,234681,1.081210206,451735,925,92090
28,18.39428828,Udgir,27,MAHARASHTRA,6142,6933,13075,886,79.43,91.59,85.78,3024,1.260185909,34533,43518,78051,6900,49618,54445,1.097283244,104063,911,9924
15,13.34088077,Udupi,29,KARNATAKA,4919,5364,10283,917,91.35,96.51,93.89,10649,1.025097936,53351,54690,108041,11795,63319,62031,0.979658554,125350,1021,22444
18,23.17930138,Ujjain,23,MADHYA PRADESH,27623,30007,57630,921,79.62,91.16,85.55,31127,1.211832374,176989,214481,391470,41616,249924,265291,1.061486692,515215,942,72743
21,19.22151157,Ulhasnagar,27,MAHARASHTRA,23021,25492,48513,903,84.75,93.1,89.21,20474,1.259641736,180984,227975,408959,23087,236564,270373,1.142916927,506937,875,43561
15,22.47443639,Uluberia,19,WEST BENGAL,12196,12991,25187,939,76.82,85.23,81.13,4150,1.17107694,73616,86210,159826,7234,108031,114144,1.05658561,222175,946,11384
25,26.53934498,Unnao,9,UTTAR PRADESH,8655,9949,18604,870,79.8,87.26,83.72,11550,1.211262725,60607,73411,134018,15670,84601,94080,1.112043593,178681,899,27220
12,22.67684519,Uttarpara Kotrung,19,WEST BENGAL,5325,5815,11140,916,88.75,93.48,91.16,14792,1.092316331,65893,71976,137869,20981,79571,82815,1.040768622,162386,961,35773
19,22.30715887,Vadodara,24,GUJARAT,72173,84307,156480,856,88.99,95.51,92.37,126723,1.153793896,647672,747280,1394952,153236,800002,866701,1.083373542,1666703,923,279959
24,20.59923497,Valsad,24,GUJARAT,4490,5119,9609,877,89.72,95.56,92.7,8598,1.112608131,46240,51447,97687,10382,56029,58958,1.0522765,114987,950,18980
66,25.31764528,Varanasi,9,UTTAR PRADESH,60419,68761,129180,879,75.63,84.11,80.12,71182,1.252206661,381572,477807,859379,101440,564955,636860,1.127275624,1201815,887,172622
21,19.39192757,Vasai Virar City,27,MAHARASHTRA,65627,71716,137343,915,86.9,94.86,91.15,59938,1.246397046,439778,548138,987916,70016,571698,649535,1.136150555,1221233,880,129954
4,12.91651678,Vellore,33,TAMIL NADU,9058,9305,18363,973,81.84,91.68,86.67,6680,1.078000887,69871,75321,145192,8912,94431,91464,0.968580233,185895,1032,15592
12,20.91589797,Veraval,24,GUJARAT,8104,9003,17107,900,69.21,86.58,78,3843,1.283032615,46666,59874,106540,6246,75535,78161,1.034765341,153696,966,10089
26,23.52511028,Vidisha,23,MADHYA PRADESH,9238,10122,19360,913,80.98,92.29,86.88,8846,1.244458734,52876,65802,118678,13177,74535,81424,1.092426377,155959,915,22023
16,16.50617438,Vijayawada,28,ANDHRA PRADESH,45266,47582,92848,951,78.94,86.24,82.59,54279,1.090936795,377361,411677,789038,81146,523322,524918,1.003049748,1048240,997,135425
13,17.686883,Visakhapatnam,28,ANDHRA PRADESH,77805,81119,158924,959,77.18,88.02,82.66,101725,1.165053997,599937,698959,1298896,148824,855121,875199,1.023479718,1730320,977,250549
12,18.10665768,Vizianagaram,28,ANDHRA PRADESH,9992,10495,20487,952,75.8,88.18,81.85,11483,1.110191019,80306,89155,169461,19173,115937,111596,0.962557251,227533,1039,30656
9,17.96890088,Warangal,28,ANDHRA PRADESH,26958,28434,55392,948,76.79,91.54,84.16,40106,1.188706617,217136,258111,475247,69507,309716,310400,1.002208475,620116,998,109613
8,20.74531978,Wardha,27,MAHARASHTRA,4615,5139,9754,898,90.88,97.19,94.05,8718,1.07875124,43339,46752,90091,10645,52302,53241,1.017953424,105543,982,19363
3,30.12904858,Yamunanagar,6,HARYANA,10349,12556,22905,824,81.71,89.61,85.91,15454,1.241182412,74255,92164,166419,14349,101224,115404,1.140085355,216628,877,29803
14,20.38879378,Yavatmal,27,MAHARASHTRA,5187,5894,11081,880,88.17,95.45,91.81,6114,1.082859045,46561,50419,96980,7397,57997,58717,1.012414435,116714,988,13511
